"Fleet","Fleet_Name","Yr","Seas","base2023","base2026"
1,"F1_JPLL_A13_Q1_J_wt_9621",1996,1,11.511,NA
1,"F1_JPLL_A13_Q1_J_wt_9621",1997,1,39.123,NA
1,"F1_JPLL_A13_Q1_J_wt_9621",1998,1,51.09,NA
1,"F1_JPLL_A13_Q1_J_wt_9621",1999,1,18.078,NA
1,"F1_JPLL_A13_Q1_J_wt_9621",2000,1,85.552,NA
1,"F1_JPLL_A13_Q1_J_wt_9621",2001,1,34.232,NA
1,"F1_JPLL_A13_Q1_J_wt_9621",2002,1,125.385,NA
1,"F1_JPLL_A13_Q1_J_wt_9621",2003,1,164.835,NA
1,"F1_JPLL_A13_Q1_J_wt_9621",2004,1,37.577,NA
1,"F1_JPLL_A13_Q1_J_wt_9621",2005,1,43.655,NA
1,"F1_JPLL_A13_Q1_J_wt_9621",2006,1,100.928,NA
1,"F1_JPLL_A13_Q1_J_wt_9621",2007,1,129.118,NA
1,"F1_JPLL_A13_Q1_J_wt_9621",2008,1,24.626,NA
1,"F1_JPLL_A13_Q1_J_wt_9621",2009,1,96.042,NA
1,"F1_JPLL_A13_Q1_J_wt_9621",2010,1,87.135,NA
1,"F1_JPLL_A13_Q1_J_wt_9621",2011,1,193.442,NA
1,"F1_JPLL_A13_Q1_J_wt_9621",2012,1,79.198,NA
1,"F1_JPLL_A13_Q1_J_wt_9621",2013,1,103.982,NA
1,"F1_JPLL_A13_Q1_J_wt_9621",2014,1,33,NA
1,"F1_JPLL_A13_Q1_J_wt_9621",2015,1,41.922,NA
1,"F1_JPLL_A13_Q1_J_wt_9621",2016,1,54.428,NA
1,"F1_JPLL_A13_Q1_J_wt_9621",2017,1,54.517,NA
1,"F1_JPLL_A13_Q1_J_wt_9621",2018,1,52.399,NA
1,"F1_JPLL_A13_Q1_J_wt_9621",2019,1,29.383,NA
1,"F1_JPLL_A13_Q1_J_wt_9621",2020,1,138.192,NA
1,"F1_JPLL_A13_Q1_J_wt_9621",2021,1,6.554,NA
1,"F1_JPLL_A13_Q1_wt",1994,1,NA,25.28
1,"F1_JPLL_A13_Q1_wt",1995,1,NA,4.287
1,"F1_JPLL_A13_Q1_wt",1996,1,NA,14.989
1,"F1_JPLL_A13_Q1_wt",1997,1,NA,52.157
1,"F1_JPLL_A13_Q1_wt",1998,1,NA,102.617
1,"F1_JPLL_A13_Q1_wt",1999,1,NA,16.449
1,"F1_JPLL_A13_Q1_wt",2000,1,NA,222.49
1,"F1_JPLL_A13_Q1_wt",2001,1,NA,126.658
1,"F1_JPLL_A13_Q1_wt",2002,1,NA,307.196
1,"F1_JPLL_A13_Q1_wt",2003,1,NA,162.194
1,"F1_JPLL_A13_Q1_wt",2004,1,NA,80.503
1,"F1_JPLL_A13_Q1_wt",2005,1,NA,82.492
1,"F1_JPLL_A13_Q1_wt",2006,1,NA,250.767
1,"F1_JPLL_A13_Q1_wt",2007,1,NA,264.592
1,"F1_JPLL_A13_Q1_wt",2008,1,NA,107.571
1,"F1_JPLL_A13_Q1_wt",2009,1,NA,499.895
1,"F1_JPLL_A13_Q1_wt",2010,1,NA,395.973
1,"F1_JPLL_A13_Q1_wt",2011,1,NA,448.302
1,"F1_JPLL_A13_Q1_wt",2012,1,NA,257.735
1,"F1_JPLL_A13_Q1_wt",2013,1,NA,202.924
1,"F1_JPLL_A13_Q1_wt",2014,1,NA,53.868
1,"F1_JPLL_A13_Q1_wt",2015,1,NA,217.624
1,"F1_JPLL_A13_Q1_wt",2016,1,NA,200.948
1,"F1_JPLL_A13_Q1_wt",2017,1,NA,195.333
1,"F1_JPLL_A13_Q1_wt",2018,1,NA,91.714
1,"F1_JPLL_A13_Q1_wt",2019,1,NA,70.26
1,"F1_JPLL_A13_Q1_wt",2020,1,NA,176.215
1,"F1_JPLL_A13_Q1_wt",2021,1,NA,64.338
1,"F1_JPLL_A13_Q1_wt",2022,1,NA,41.306
1,"F1_JPLL_A13_Q1_wt",2023,1,NA,360.635
1,"F1_JPLL_A13_Q1_wt",2024,1,NA,43.402
2,"F2_JPLL_A13_Q1_A_wt",1994,1,31.834,NA
2,"F2_JPLL_A13_Q1_A_wt",1996,1,5.152,NA
2,"F2_JPLL_A13_Q1_A_wt",1997,1,20.167,NA
2,"F2_JPLL_A13_Q1_A_wt",1998,1,18.321,NA
2,"F2_JPLL_A13_Q1_A_wt",2000,1,19.644,NA
2,"F2_JPLL_A13_Q1_A_wt",2001,1,86.805,NA
2,"F2_JPLL_A13_Q1_A_wt",2002,1,94.334,NA
2,"F2_JPLL_A13_Q1_A_wt",2003,1,59.985,NA
2,"F2_JPLL_A13_Q1_A_wt",2004,1,43.893,NA
2,"F2_JPLL_A13_Q1_A_wt",2005,1,20.525,NA
2,"F2_JPLL_A13_Q1_A_wt",2006,1,93.154,NA
2,"F2_JPLL_A13_Q1_A_wt",2007,1,80.8,NA
2,"F2_JPLL_A13_Q1_A_wt",2008,1,74.924,NA
2,"F2_JPLL_A13_Q1_A_wt",2009,1,687.991,NA
2,"F2_JPLL_A13_Q1_A_wt",2010,1,266.07,NA
2,"F2_JPLL_A13_Q1_A_wt",2011,1,191.235,NA
2,"F2_JPLL_A13_Q1_A_wt",2012,1,135.707,NA
2,"F2_JPLL_A13_Q1_A_wt",2013,1,105.984,NA
2,"F2_JPLL_A13_Q1_A_wt",2014,1,65.722,NA
2,"F2_JPLL_A13_Q1_A_wt",2015,1,47.343,NA
2,"F2_JPLL_A13_Q1_A_wt",2016,1,36.165,NA
2,"F2_JPLL_A13_Q1_A_wt",2017,1,45.302,NA
2,"F2_JPLL_A13_Q1_A_wt",2018,1,47.199,NA
2,"F2_JPLL_A13_Q1_A_wt",2019,1,50.855,NA
2,"F2_JPLL_A13_Q1_A_wt",2020,1,30.549,NA
2,"F2_JPLL_A13_Q1_A_wt",2021,1,33.429,NA
2,"F2_JPLL_A13_Q2_wt",1996,2,NA,12.227
2,"F2_JPLL_A13_Q2_wt",1997,2,NA,54.674
2,"F2_JPLL_A13_Q2_wt",2000,2,NA,7.87
2,"F2_JPLL_A13_Q2_wt",2001,2,NA,61.528
2,"F2_JPLL_A13_Q2_wt",2002,2,NA,27.537
2,"F2_JPLL_A13_Q2_wt",2003,2,NA,52.742
2,"F2_JPLL_A13_Q2_wt",2004,2,NA,24.405
2,"F2_JPLL_A13_Q2_wt",2005,2,NA,28.877
2,"F2_JPLL_A13_Q2_wt",2006,2,NA,88.302
2,"F2_JPLL_A13_Q2_wt",2007,2,NA,251.599
2,"F2_JPLL_A13_Q2_wt",2008,2,NA,51.672
2,"F2_JPLL_A13_Q2_wt",2009,2,NA,90.203
2,"F2_JPLL_A13_Q2_wt",2010,2,NA,101.309
2,"F2_JPLL_A13_Q2_wt",2011,2,NA,47.518
2,"F2_JPLL_A13_Q2_wt",2012,2,NA,98.333
2,"F2_JPLL_A13_Q2_wt",2013,2,NA,91.104
2,"F2_JPLL_A13_Q2_wt",2014,2,NA,56.067
2,"F2_JPLL_A13_Q2_wt",2015,2,NA,54.985
2,"F2_JPLL_A13_Q2_wt",2016,2,NA,34.08
2,"F2_JPLL_A13_Q2_wt",2017,2,NA,62.936
2,"F2_JPLL_A13_Q2_wt",2018,2,NA,26.012
2,"F2_JPLL_A13_Q2_wt",2019,2,NA,47.399
2,"F2_JPLL_A13_Q2_wt",2020,2,NA,157.238
2,"F2_JPLL_A13_Q2_wt",2021,2,NA,10.697
2,"F2_JPLL_A13_Q2_wt",2022,2,NA,5.867
2,"F2_JPLL_A13_Q2_wt",2023,2,NA,48.065
2,"F2_JPLL_A13_Q2_wt",2024,2,NA,19.469
3,"F3_JPLL_A13_Q2_wt",1996,2,18.359,NA
3,"F3_JPLL_A13_Q2_wt",1997,2,76.599,NA
3,"F3_JPLL_A13_Q2_wt",2000,2,24.787,NA
3,"F3_JPLL_A13_Q2_wt",2001,2,72.613,NA
3,"F3_JPLL_A13_Q2_wt",2002,2,44.585,NA
3,"F3_JPLL_A13_Q2_wt",2003,2,96.449,NA
3,"F3_JPLL_A13_Q2_wt",2004,2,32.488,NA
3,"F3_JPLL_A13_Q2_wt",2005,2,33.372,NA
3,"F3_JPLL_A13_Q2_wt",2006,2,105.675,NA
3,"F3_JPLL_A13_Q2_wt",2007,2,356.85,NA
3,"F3_JPLL_A13_Q2_wt",2008,2,53.32,NA
3,"F3_JPLL_A13_Q2_wt",2009,2,83.257,NA
3,"F3_JPLL_A13_Q2_wt",2010,2,165.395,NA
3,"F3_JPLL_A13_Q2_wt",2011,2,55.414,NA
3,"F3_JPLL_A13_Q2_wt",2012,2,114.622,NA
3,"F3_JPLL_A13_Q2_wt",2013,2,99.434,NA
3,"F3_JPLL_A13_Q2_wt",2014,2,57.438,NA
3,"F3_JPLL_A13_Q2_wt",2015,2,52.534,NA
3,"F3_JPLL_A13_Q2_wt",2016,2,38.393,NA
3,"F3_JPLL_A13_Q2_wt",2017,2,68.571,NA
3,"F3_JPLL_A13_Q2_wt",2018,2,20.873,NA
3,"F3_JPLL_A13_Q2_wt",2019,2,52.592,NA
3,"F3_JPLL_A13_Q2_wt",2020,2,102.437,NA
3,"F3_JPLL_A13_Q2_wt",2021,2,8.199,NA
3,"F3_JPLL_A13_Q3_wt",2000,3,NA,45.609
3,"F3_JPLL_A13_Q3_wt",2001,3,NA,11.52
3,"F3_JPLL_A13_Q3_wt",2002,3,NA,25.655
3,"F3_JPLL_A13_Q3_wt",2003,3,NA,10.091
3,"F3_JPLL_A13_Q3_wt",2004,3,NA,8.061
3,"F3_JPLL_A13_Q3_wt",2005,3,NA,34.101
3,"F3_JPLL_A13_Q3_wt",2006,3,NA,16.585
3,"F3_JPLL_A13_Q3_wt",2007,3,NA,26.654
3,"F3_JPLL_A13_Q3_wt",2008,3,NA,52.238
3,"F3_JPLL_A13_Q3_wt",2009,3,NA,9.164
3,"F3_JPLL_A13_Q3_wt",2010,3,NA,37.64
3,"F3_JPLL_A13_Q3_wt",2011,3,NA,25.421
3,"F3_JPLL_A13_Q3_wt",2012,3,NA,17.791
3,"F3_JPLL_A13_Q3_wt",2013,3,NA,46.195
3,"F3_JPLL_A13_Q3_wt",2014,3,NA,12.899
3,"F3_JPLL_A13_Q3_wt",2015,3,NA,19.763
3,"F3_JPLL_A13_Q3_wt",2016,3,NA,32.788
3,"F3_JPLL_A13_Q3_wt",2017,3,NA,19.191
3,"F3_JPLL_A13_Q3_wt",2018,3,NA,11.732
3,"F3_JPLL_A13_Q3_wt",2019,3,NA,12.231
3,"F3_JPLL_A13_Q3_wt",2020,3,NA,24.321
3,"F3_JPLL_A13_Q3_wt",2021,3,NA,22.646
3,"F3_JPLL_A13_Q3_wt",2022,3,NA,27.079
3,"F3_JPLL_A13_Q3_wt",2023,3,NA,12.333
3,"F3_JPLL_A13_Q3_wt",2024,3,NA,37.766
4,"F4_JPLL_A13_Q3_wt",2001,3,9.503,NA
4,"F4_JPLL_A13_Q3_wt",2002,3,10.993,NA
4,"F4_JPLL_A13_Q3_wt",2003,3,11.05,NA
4,"F4_JPLL_A13_Q3_wt",2004,3,6.665,NA
4,"F4_JPLL_A13_Q3_wt",2005,3,39.905,NA
4,"F4_JPLL_A13_Q3_wt",2006,3,15.004,NA
4,"F4_JPLL_A13_Q3_wt",2007,3,22.899,NA
4,"F4_JPLL_A13_Q3_wt",2008,3,53.377,NA
4,"F4_JPLL_A13_Q3_wt",2009,3,7.019,NA
4,"F4_JPLL_A13_Q3_wt",2010,3,37.385,NA
4,"F4_JPLL_A13_Q3_wt",2011,3,26.328,NA
4,"F4_JPLL_A13_Q3_wt",2012,3,21.327,NA
4,"F4_JPLL_A13_Q3_wt",2013,3,38.289,NA
4,"F4_JPLL_A13_Q3_wt",2014,3,8.25,NA
4,"F4_JPLL_A13_Q3_wt",2015,3,6.873,NA
4,"F4_JPLL_A13_Q3_wt",2016,3,11.382,NA
4,"F4_JPLL_A13_Q3_wt",2020,3,26.094,NA
4,"F4_JPLL_A13_Q4_wt",1996,4,NA,23.542
4,"F4_JPLL_A13_Q4_wt",1999,4,NA,80.742
4,"F4_JPLL_A13_Q4_wt",2000,4,NA,51.801
4,"F4_JPLL_A13_Q4_wt",2001,4,NA,308.046
4,"F4_JPLL_A13_Q4_wt",2002,4,NA,23.938
4,"F4_JPLL_A13_Q4_wt",2003,4,NA,43.123
4,"F4_JPLL_A13_Q4_wt",2004,4,NA,137.736
4,"F4_JPLL_A13_Q4_wt",2005,4,NA,43.472
4,"F4_JPLL_A13_Q4_wt",2006,4,NA,106.012
4,"F4_JPLL_A13_Q4_wt",2007,4,NA,374.787
4,"F4_JPLL_A13_Q4_wt",2008,4,NA,91.534
4,"F4_JPLL_A13_Q4_wt",2009,4,NA,314.646
4,"F4_JPLL_A13_Q4_wt",2010,4,NA,75.58
4,"F4_JPLL_A13_Q4_wt",2011,4,NA,137.01
4,"F4_JPLL_A13_Q4_wt",2012,4,NA,87.61
4,"F4_JPLL_A13_Q4_wt",2013,4,NA,35.24
4,"F4_JPLL_A13_Q4_wt",2014,4,NA,117.392
4,"F4_JPLL_A13_Q4_wt",2015,4,NA,84.642
4,"F4_JPLL_A13_Q4_wt",2016,4,NA,70.888
4,"F4_JPLL_A13_Q4_wt",2017,4,NA,249.634
4,"F4_JPLL_A13_Q4_wt",2018,4,NA,217.162
4,"F4_JPLL_A13_Q4_wt",2019,4,NA,112.949
4,"F4_JPLL_A13_Q4_wt",2020,4,NA,78.414
4,"F4_JPLL_A13_Q4_wt",2021,4,NA,50.001
4,"F4_JPLL_A13_Q4_wt",2022,4,NA,50.089
4,"F4_JPLL_A13_Q4_wt",2023,4,NA,25.555
4,"F4_JPLL_A13_Q4_wt",2024,4,NA,32.06
5,"F5_JPLL_A13_Q4_wt",1996,4,29.22,NA
5,"F5_JPLL_A13_Q4_wt",1999,4,64.199,NA
5,"F5_JPLL_A13_Q4_wt",2000,4,40.545,NA
5,"F5_JPLL_A13_Q4_wt",2001,4,211.509,NA
5,"F5_JPLL_A13_Q4_wt",2002,4,23.203,NA
5,"F5_JPLL_A13_Q4_wt",2003,4,39.804,NA
5,"F5_JPLL_A13_Q4_wt",2004,4,131.14,NA
5,"F5_JPLL_A13_Q4_wt",2005,4,44.524,NA
5,"F5_JPLL_A13_Q4_wt",2006,4,81.069,NA
5,"F5_JPLL_A13_Q4_wt",2007,4,398.309,NA
5,"F5_JPLL_A13_Q4_wt",2008,4,186.379,NA
5,"F5_JPLL_A13_Q4_wt",2009,4,392.094,NA
5,"F5_JPLL_A13_Q4_wt",2010,4,85.121,NA
5,"F5_JPLL_A13_Q4_wt",2011,4,112.672,NA
5,"F5_JPLL_A13_Q4_wt",2012,4,78.719,NA
5,"F5_JPLL_A13_Q4_wt",2013,4,31.752,NA
5,"F5_JPLL_A13_Q4_wt",2014,4,121.957,NA
5,"F5_JPLL_A13_Q4_wt",2015,4,55.399,NA
5,"F5_JPLL_A13_Q4_wt",2016,4,96.325,NA
5,"F5_JPLL_A13_Q4_wt",2017,4,278.588,NA
5,"F5_JPLL_A13_Q4_wt",2018,4,185.203,NA
5,"F5_JPLL_A13_Q4_wt",2019,4,48.967,NA
5,"F5_JPLL_A13_Q4_wt",2020,4,64.791,NA
5,"F5_JPLL_A13_Q4_wt",2021,4,42.522,NA
9,"F9_JPLL_A2_Q1_wt",1994,1,NA,61.291
9,"F9_JPLL_A2_Q1_wt",1996,1,NA,58.001
9,"F9_JPLL_A2_Q1_wt",1997,1,NA,40.108
9,"F9_JPLL_A2_Q1_wt",1999,1,NA,47.261
9,"F9_JPLL_A2_Q1_wt",2000,1,NA,53.855
9,"F9_JPLL_A2_Q1_wt",2001,1,NA,197.443
9,"F9_JPLL_A2_Q1_wt",2002,1,NA,538.884
9,"F9_JPLL_A2_Q1_wt",2003,1,NA,239.782
9,"F9_JPLL_A2_Q1_wt",2004,1,NA,73.801
9,"F9_JPLL_A2_Q1_wt",2005,1,NA,96.19
9,"F9_JPLL_A2_Q1_wt",2006,1,NA,112.203
9,"F9_JPLL_A2_Q1_wt",2007,1,NA,67.003
9,"F9_JPLL_A2_Q1_wt",2008,1,NA,149.293
9,"F9_JPLL_A2_Q1_wt",2009,1,NA,89.279
9,"F9_JPLL_A2_Q1_wt",2010,1,NA,341.835
9,"F9_JPLL_A2_Q1_wt",2011,1,NA,97.31
9,"F9_JPLL_A2_Q1_wt",2012,1,NA,109.365
9,"F9_JPLL_A2_Q1_wt",2013,1,NA,265.097
9,"F9_JPLL_A2_Q1_wt",2014,1,NA,145.366
9,"F9_JPLL_A2_Q1_wt",2015,1,NA,421.177
9,"F9_JPLL_A2_Q1_wt",2016,1,NA,220.851
9,"F9_JPLL_A2_Q1_wt",2017,1,NA,85.626
9,"F9_JPLL_A2_Q1_wt",2018,1,NA,157.287
9,"F9_JPLL_A2_Q1_wt",2019,1,NA,126.819
9,"F9_JPLL_A2_Q1_wt",2020,1,NA,24.487
9,"F9_JPLL_A2_Q1_wt",2021,1,NA,39.486
9,"F9_JPLL_A2_Q1_wt",2022,1,NA,309.004
9,"F9_JPLL_A2_Q1_wt",2023,1,NA,32.817
9,"F9_JPLL_A2_Q1_wt",2024,1,NA,56.822
10,"F10_JPLL_A2_Q2_wt_9624",2000,2,NA,31.962
10,"F10_JPLL_A2_Q2_wt_9624",2001,2,NA,126.078
10,"F10_JPLL_A2_Q2_wt_9624",2002,2,NA,242.075
10,"F10_JPLL_A2_Q2_wt_9624",2003,2,NA,16.318
10,"F10_JPLL_A2_Q2_wt_9624",2004,2,NA,251.995
10,"F10_JPLL_A2_Q2_wt_9624",2005,2,NA,87.364
10,"F10_JPLL_A2_Q2_wt_9624",2006,2,NA,100.931
10,"F10_JPLL_A2_Q2_wt_9624",2007,2,NA,90.262
10,"F10_JPLL_A2_Q2_wt_9624",2008,2,NA,67.915
10,"F10_JPLL_A2_Q2_wt_9624",2009,2,NA,161.893
10,"F10_JPLL_A2_Q2_wt_9624",2010,2,NA,525.026
10,"F10_JPLL_A2_Q2_wt_9624",2011,2,NA,91.696
10,"F10_JPLL_A2_Q2_wt_9624",2012,2,NA,79.159
10,"F10_JPLL_A2_Q2_wt_9624",2013,2,NA,402.801
10,"F10_JPLL_A2_Q2_wt_9624",2014,2,NA,391.133
10,"F10_JPLL_A2_Q2_wt_9624",2015,2,NA,142.103
10,"F10_JPLL_A2_Q2_wt_9624",2016,2,NA,270.121
10,"F10_JPLL_A2_Q2_wt_9624",2017,2,NA,142.377
10,"F10_JPLL_A2_Q2_wt_9624",2018,2,NA,164.224
10,"F10_JPLL_A2_Q2_wt_9624",2019,2,NA,134.782
10,"F10_JPLL_A2_Q2_wt_9624",2020,2,NA,234.233
10,"F10_JPLL_A2_Q2_wt_9624",2021,2,NA,33.853
10,"F10_JPLL_A2_Q2_wt_9624",2022,2,NA,108.289
10,"F10_JPLL_A2_Q2_wt_9624",2023,2,NA,21.758
10,"F10_JPLL_A2_Q2_wt_9624",2024,2,NA,51.217
11,"F11_JPLL_A2_Q1_wt_9621",1994,1,65.715,NA
11,"F11_JPLL_A2_Q1_wt_9621",1996,1,50.205,NA
11,"F11_JPLL_A2_Q1_wt_9621",1997,1,38.999,NA
11,"F11_JPLL_A2_Q1_wt_9621",1999,1,57.408,NA
11,"F11_JPLL_A2_Q1_wt_9621",2000,1,49.532,NA
11,"F11_JPLL_A2_Q1_wt_9621",2001,1,184.514,NA
11,"F11_JPLL_A2_Q1_wt_9621",2002,1,311.519,NA
11,"F11_JPLL_A2_Q1_wt_9621",2003,1,169.424,NA
11,"F11_JPLL_A2_Q1_wt_9621",2004,1,56.636,NA
11,"F11_JPLL_A2_Q1_wt_9621",2005,1,74.47,NA
11,"F11_JPLL_A2_Q1_wt_9621",2006,1,95.869,NA
11,"F11_JPLL_A2_Q1_wt_9621",2007,1,47.884,NA
11,"F11_JPLL_A2_Q1_wt_9621",2008,1,154.642,NA
11,"F11_JPLL_A2_Q1_wt_9621",2009,1,92.597,NA
11,"F11_JPLL_A2_Q1_wt_9621",2010,1,434.518,NA
11,"F11_JPLL_A2_Q1_wt_9621",2011,1,122.989,NA
11,"F11_JPLL_A2_Q1_wt_9621",2012,1,60.899,NA
11,"F11_JPLL_A2_Q1_wt_9621",2013,1,286.467,NA
11,"F11_JPLL_A2_Q1_wt_9621",2014,1,54.737,NA
11,"F11_JPLL_A2_Q1_wt_9621",2015,1,83.385,NA
11,"F11_JPLL_A2_Q1_wt_9621",2016,1,103.709,NA
11,"F11_JPLL_A2_Q1_wt_9621",2017,1,85.527,NA
11,"F11_JPLL_A2_Q1_wt_9621",2018,1,128.041,NA
11,"F11_JPLL_A2_Q1_wt_9621",2019,1,108.408,NA
11,"F11_JPLL_A2_Q1_wt_9621",2020,1,23.383,NA
11,"F11_JPLL_A2_Q1_wt_9621",2021,1,47.141,NA
11,"F11_JPLL_A2_Q3_wt",2001,3,NA,168.548
11,"F11_JPLL_A2_Q3_wt",2002,3,NA,96.744
11,"F11_JPLL_A2_Q3_wt",2003,3,NA,73.638
11,"F11_JPLL_A2_Q3_wt",2004,3,NA,143.924
11,"F11_JPLL_A2_Q3_wt",2005,3,NA,69.75
11,"F11_JPLL_A2_Q3_wt",2006,3,NA,155.629
11,"F11_JPLL_A2_Q3_wt",2007,3,NA,91.723
11,"F11_JPLL_A2_Q3_wt",2008,3,NA,62.548
11,"F11_JPLL_A2_Q3_wt",2009,3,NA,98.625
11,"F11_JPLL_A2_Q3_wt",2010,3,NA,166.487
11,"F11_JPLL_A2_Q3_wt",2011,3,NA,1215.13
11,"F11_JPLL_A2_Q3_wt",2012,3,NA,255.722
11,"F11_JPLL_A2_Q3_wt",2013,3,NA,222.984
11,"F11_JPLL_A2_Q3_wt",2014,3,NA,183.141
11,"F11_JPLL_A2_Q3_wt",2015,3,NA,206.465
11,"F11_JPLL_A2_Q3_wt",2016,3,NA,222.934
11,"F11_JPLL_A2_Q3_wt",2017,3,NA,249.628
11,"F11_JPLL_A2_Q3_wt",2018,3,NA,256.298
11,"F11_JPLL_A2_Q3_wt",2019,3,NA,136.188
11,"F11_JPLL_A2_Q3_wt",2020,3,NA,9.339
11,"F11_JPLL_A2_Q3_wt",2021,3,NA,42.711
11,"F11_JPLL_A2_Q3_wt",2022,3,NA,55.556
11,"F11_JPLL_A2_Q3_wt",2023,3,NA,20.874
11,"F11_JPLL_A2_Q3_wt",2024,3,NA,148.558
12,"F12_JPLL_A2_Q2_wt_9621",2000,2,28.889,NA
12,"F12_JPLL_A2_Q2_wt_9621",2001,2,119.757,NA
12,"F12_JPLL_A2_Q2_wt_9621",2002,2,208.256,NA
12,"F12_JPLL_A2_Q2_wt_9621",2003,2,16.33,NA
12,"F12_JPLL_A2_Q2_wt_9621",2004,2,262.729,NA
12,"F12_JPLL_A2_Q2_wt_9621",2005,2,73.034,NA
12,"F12_JPLL_A2_Q2_wt_9621",2006,2,117.568,NA
12,"F12_JPLL_A2_Q2_wt_9621",2007,2,56.256,NA
12,"F12_JPLL_A2_Q2_wt_9621",2008,2,85.66,NA
12,"F12_JPLL_A2_Q2_wt_9621",2009,2,213.465,NA
12,"F12_JPLL_A2_Q2_wt_9621",2010,2,560.415,NA
12,"F12_JPLL_A2_Q2_wt_9621",2011,2,87.791,NA
12,"F12_JPLL_A2_Q2_wt_9621",2012,2,139.798,NA
12,"F12_JPLL_A2_Q2_wt_9621",2013,2,212.411,NA
12,"F12_JPLL_A2_Q2_wt_9621",2014,2,446.053,NA
12,"F12_JPLL_A2_Q2_wt_9621",2015,2,101.022,NA
12,"F12_JPLL_A2_Q2_wt_9621",2016,2,102.136,NA
12,"F12_JPLL_A2_Q2_wt_9621",2017,2,138.43,NA
12,"F12_JPLL_A2_Q2_wt_9621",2018,2,208.889,NA
12,"F12_JPLL_A2_Q2_wt_9621",2019,2,104.965,NA
12,"F12_JPLL_A2_Q2_wt_9621",2020,2,146.6,NA
12,"F12_JPLL_A2_Q2_wt_9621",2021,2,31.786,NA
12,"F12_JPLL_A2_Q4_wt",1994,4,NA,44.329
12,"F12_JPLL_A2_Q4_wt",1996,4,NA,41.36
12,"F12_JPLL_A2_Q4_wt",1997,4,NA,51.639
12,"F12_JPLL_A2_Q4_wt",1999,4,NA,62.308
12,"F12_JPLL_A2_Q4_wt",2001,4,NA,162.81
12,"F12_JPLL_A2_Q4_wt",2002,4,NA,106.192
12,"F12_JPLL_A2_Q4_wt",2003,4,NA,42.684
12,"F12_JPLL_A2_Q4_wt",2004,4,NA,69.198
12,"F12_JPLL_A2_Q4_wt",2005,4,NA,46.68
12,"F12_JPLL_A2_Q4_wt",2006,4,NA,267.672
12,"F12_JPLL_A2_Q4_wt",2007,4,NA,68.391
12,"F12_JPLL_A2_Q4_wt",2008,4,NA,318.3
12,"F12_JPLL_A2_Q4_wt",2009,4,NA,269.373
12,"F12_JPLL_A2_Q4_wt",2010,4,NA,82.144
12,"F12_JPLL_A2_Q4_wt",2011,4,NA,260.059
12,"F12_JPLL_A2_Q4_wt",2012,4,NA,56.558
12,"F12_JPLL_A2_Q4_wt",2013,4,NA,47.546
12,"F12_JPLL_A2_Q4_wt",2014,4,NA,291.49
12,"F12_JPLL_A2_Q4_wt",2015,4,NA,126.623
12,"F12_JPLL_A2_Q4_wt",2016,4,NA,137.932
12,"F12_JPLL_A2_Q4_wt",2017,4,NA,112.16
12,"F12_JPLL_A2_Q4_wt",2018,4,NA,140.316
12,"F12_JPLL_A2_Q4_wt",2019,4,NA,109.11
12,"F12_JPLL_A2_Q4_wt",2020,4,NA,103.612
12,"F12_JPLL_A2_Q4_wt",2021,4,NA,96.009
12,"F12_JPLL_A2_Q4_wt",2022,4,NA,51.023
12,"F12_JPLL_A2_Q4_wt",2023,4,NA,35.842
12,"F12_JPLL_A2_Q4_wt",2024,4,NA,49.627
13,"F13_JPLL_A2_Q3_wt",2001,3,117.22,NA
13,"F13_JPLL_A2_Q3_wt",2002,3,150.734,NA
13,"F13_JPLL_A2_Q3_wt",2003,3,63.719,NA
13,"F13_JPLL_A2_Q3_wt",2004,3,218.065,NA
13,"F13_JPLL_A2_Q3_wt",2005,3,69.103,NA
13,"F13_JPLL_A2_Q3_wt",2006,3,109.854,NA
13,"F13_JPLL_A2_Q3_wt",2007,3,67.458,NA
13,"F13_JPLL_A2_Q3_wt",2008,3,65.082,NA
13,"F13_JPLL_A2_Q3_wt",2009,3,196.998,NA
13,"F13_JPLL_A2_Q3_wt",2010,3,145.895,NA
13,"F13_JPLL_A2_Q3_wt",2011,3,679.15,NA
13,"F13_JPLL_A2_Q3_wt",2012,3,344.361,NA
13,"F13_JPLL_A2_Q3_wt",2013,3,129.223,NA
13,"F13_JPLL_A2_Q3_wt",2014,3,273.024,NA
13,"F13_JPLL_A2_Q3_wt",2015,3,110.461,NA
13,"F13_JPLL_A2_Q3_wt",2016,3,92.528,NA
13,"F13_JPLL_A2_Q3_wt",2017,3,369.286,NA
13,"F13_JPLL_A2_Q3_wt",2018,3,482.551,NA
13,"F13_JPLL_A2_Q3_wt",2019,3,187.748,NA
13,"F13_JPLL_A2_Q3_wt",2020,3,8.127,NA
13,"F13_JPLL_A2_Q3_wt",2021,3,25.657,NA
14,"F14_JPLL_A2_Q4_wt",1994,4,34.48,NA
14,"F14_JPLL_A2_Q4_wt",1996,4,46.252,NA
14,"F14_JPLL_A2_Q4_wt",1997,4,37.615,NA
14,"F14_JPLL_A2_Q4_wt",1999,4,23.744,NA
14,"F14_JPLL_A2_Q4_wt",2001,4,184.779,NA
14,"F14_JPLL_A2_Q4_wt",2002,4,114.041,NA
14,"F14_JPLL_A2_Q4_wt",2003,4,45.498,NA
14,"F14_JPLL_A2_Q4_wt",2004,4,41.006,NA
14,"F14_JPLL_A2_Q4_wt",2005,4,35.386,NA
14,"F14_JPLL_A2_Q4_wt",2006,4,239.7,NA
14,"F14_JPLL_A2_Q4_wt",2007,4,92.432,NA
14,"F14_JPLL_A2_Q4_wt",2008,4,198.822,NA
14,"F14_JPLL_A2_Q4_wt",2009,4,429.55,NA
14,"F14_JPLL_A2_Q4_wt",2010,4,83.354,NA
14,"F14_JPLL_A2_Q4_wt",2011,4,151.206,NA
14,"F14_JPLL_A2_Q4_wt",2012,4,44.694,NA
14,"F14_JPLL_A2_Q4_wt",2013,4,47.204,NA
14,"F14_JPLL_A2_Q4_wt",2014,4,177.218,NA
14,"F14_JPLL_A2_Q4_wt",2015,4,63.243,NA
14,"F14_JPLL_A2_Q4_wt",2016,4,114.097,NA
14,"F14_JPLL_A2_Q4_wt",2017,4,137.455,NA
14,"F14_JPLL_A2_Q4_wt",2018,4,156.516,NA
14,"F14_JPLL_A2_Q4_wt",2019,4,52.126,NA
14,"F14_JPLL_A2_Q4_wt",2020,4,106.724,NA
14,"F14_JPLL_A2_Q4_wt",2021,4,74.026,NA
17,"F17_JPLL_A4_num",1995,3,NA,65.494
17,"F17_JPLL_A4_num",1995,4,NA,34.538
17,"F17_JPLL_A4_num",1996,2,NA,8.614
17,"F17_JPLL_A4_num",1999,4,NA,32.824
17,"F17_JPLL_A4_num",2000,1,NA,31.048
17,"F17_JPLL_A4_num",2000,2,NA,155.041
17,"F17_JPLL_A4_num",2000,4,NA,33.882
17,"F17_JPLL_A4_num",2001,1,NA,39.156
17,"F17_JPLL_A4_num",2001,2,NA,38.92
17,"F17_JPLL_A4_num",2001,3,NA,139.152
17,"F17_JPLL_A4_num",2001,4,NA,83.833
17,"F17_JPLL_A4_num",2002,1,NA,44.747
17,"F17_JPLL_A4_num",2002,2,NA,144.34
17,"F17_JPLL_A4_num",2002,3,NA,67.714
17,"F17_JPLL_A4_num",2002,4,NA,143.563
17,"F17_JPLL_A4_num",2003,1,NA,150.66
17,"F17_JPLL_A4_num",2003,2,NA,6.824
17,"F17_JPLL_A4_num",2003,3,NA,29.053
17,"F17_JPLL_A4_num",2004,1,NA,80.99
17,"F17_JPLL_A4_num",2004,2,NA,17.052
17,"F17_JPLL_A4_num",2004,3,NA,186.625
17,"F17_JPLL_A4_num",2005,1,NA,147.638
17,"F17_JPLL_A4_num",2005,2,NA,12.844
17,"F17_JPLL_A4_num",2005,3,NA,124.489
17,"F17_JPLL_A4_num",2005,4,NA,40.949
17,"F17_JPLL_A4_num",2006,1,NA,331.031
17,"F17_JPLL_A4_num",2006,2,NA,42.321
17,"F17_JPLL_A4_num",2006,3,NA,92.475
17,"F17_JPLL_A4_num",2006,4,NA,92.663
17,"F17_JPLL_A4_num",2007,1,NA,83.082
17,"F17_JPLL_A4_num",2007,2,NA,26.558
17,"F17_JPLL_A4_num",2007,3,NA,104.897
17,"F17_JPLL_A4_num",2008,1,NA,56.533
17,"F17_JPLL_A4_num",2008,2,NA,34.825
17,"F17_JPLL_A4_num",2008,3,NA,68.9
17,"F17_JPLL_A4_num",2008,4,NA,101.617
17,"F17_JPLL_A4_num",2009,1,NA,51.775
17,"F17_JPLL_A4_num",2009,3,NA,74.948
17,"F17_JPLL_A4_num",2010,1,NA,4.552
17,"F17_JPLL_A4_num",2010,2,NA,1.813
17,"F17_JPLL_A4_num",2010,3,NA,16.752
17,"F17_JPLL_A4_num",2010,4,NA,71.962
17,"F17_JPLL_A4_num",2011,1,NA,115.397
17,"F17_JPLL_A4_num",2011,3,NA,100.051
17,"F17_JPLL_A4_num",2011,4,NA,18.934
17,"F17_JPLL_A4_num",2012,1,NA,39.139
17,"F17_JPLL_A4_num",2012,2,NA,15.923
17,"F17_JPLL_A4_num",2012,3,NA,286.231
17,"F17_JPLL_A4_num",2012,4,NA,101.927
17,"F17_JPLL_A4_num",2013,1,NA,9.374
17,"F17_JPLL_A4_num",2013,2,NA,30.811
17,"F17_JPLL_A4_num",2013,3,NA,50.881
17,"F17_JPLL_A4_num",2014,1,NA,5.139
17,"F17_JPLL_A4_num",2014,2,NA,16.405
17,"F17_JPLL_A4_num",2014,4,NA,213.224
17,"F17_JPLL_A4_num",2015,3,NA,132.722
17,"F17_JPLL_A4_num",2015,4,NA,20.419
17,"F17_JPLL_A4_num",2016,2,NA,277.121
17,"F17_JPLL_A4_num",2016,3,NA,166.303
17,"F17_JPLL_A4_num",2017,3,NA,176.416
17,"F17_JPLL_A4_num",2017,4,NA,60.09
17,"F17_JPLL_A4_num",2018,2,NA,60.894
17,"F17_JPLL_A4_num",2018,3,NA,30.009
17,"F17_JPLL_A4_num",2019,1,NA,7.072
17,"F17_JPLL_A4_num",2019,2,NA,16.593
17,"F17_JPLL_A4_num",2019,3,NA,199.6
17,"F17_JPLL_A4_num",2019,4,NA,137.037
17,"F17_JPLL_A4_num",2020,2,NA,12.23
17,"F17_JPLL_A4_num",2020,3,NA,36.572
17,"F17_JPLL_A4_num",2023,2,NA,3.315
17,"F17_JPLL_A4_num",2023,3,NA,10.805
17,"F17_JPLL_A4_num",2024,1,NA,11.588
17,"F17_JPLL_A4_num",2024,2,NA,8.357
18,"F18_JPLL_A5_num",1995,4,NA,65.696
18,"F18_JPLL_A5_num",2003,4,NA,55.063
18,"F18_JPLL_A5_num",2004,2,NA,32.237
18,"F18_JPLL_A5_num",2004,3,NA,31.703
18,"F18_JPLL_A5_num",2004,4,NA,140.551
18,"F18_JPLL_A5_num",2005,4,NA,35.587
18,"F18_JPLL_A5_num",2006,4,NA,41.413
18,"F18_JPLL_A5_num",2007,4,NA,11.267
18,"F18_JPLL_A5_num",2008,4,NA,27.774
18,"F18_JPLL_A5_num",2009,3,NA,29.823
18,"F18_JPLL_A5_num",2011,3,NA,25.536
18,"F18_JPLL_A5_num",2011,4,NA,54.608
19,"F19_JPLL_A4_num",1995,3,34.441,NA
19,"F19_JPLL_A4_num",1999,4,9.925,NA
19,"F19_JPLL_A4_num",2000,1,61.991,NA
19,"F19_JPLL_A4_num",2000,2,103.473,NA
19,"F19_JPLL_A4_num",2000,4,28.599,NA
19,"F19_JPLL_A4_num",2001,1,23.431,NA
19,"F19_JPLL_A4_num",2001,2,48.022,NA
19,"F19_JPLL_A4_num",2001,3,143.924,NA
19,"F19_JPLL_A4_num",2001,4,77.014,NA
19,"F19_JPLL_A4_num",2002,1,51.384,NA
19,"F19_JPLL_A4_num",2002,2,198.3,NA
19,"F19_JPLL_A4_num",2002,3,77.345,NA
19,"F19_JPLL_A4_num",2002,4,17.89,NA
19,"F19_JPLL_A4_num",2003,1,309.097,NA
19,"F19_JPLL_A4_num",2003,2,7.659,NA
19,"F19_JPLL_A4_num",2003,3,28.804,NA
19,"F19_JPLL_A4_num",2004,1,91.542,NA
19,"F19_JPLL_A4_num",2004,2,7.537,NA
19,"F19_JPLL_A4_num",2004,3,173.12,NA
19,"F19_JPLL_A4_num",2005,1,138.824,NA
19,"F19_JPLL_A4_num",2005,3,125.254,NA
19,"F19_JPLL_A4_num",2005,4,37.506,NA
19,"F19_JPLL_A4_num",2006,1,312.845,NA
19,"F19_JPLL_A4_num",2006,2,39.446,NA
19,"F19_JPLL_A4_num",2006,3,99.861,NA
19,"F19_JPLL_A4_num",2006,4,97.56,NA
19,"F19_JPLL_A4_num",2007,1,82.32,NA
19,"F19_JPLL_A4_num",2007,3,88.419,NA
19,"F19_JPLL_A4_num",2008,1,47.267,NA
19,"F19_JPLL_A4_num",2008,2,37.332,NA
19,"F19_JPLL_A4_num",2008,3,79.283,NA
19,"F19_JPLL_A4_num",2008,4,125.582,NA
19,"F19_JPLL_A4_num",2009,1,55.343,NA
19,"F19_JPLL_A4_num",2009,3,81.85,NA
19,"F19_JPLL_A4_num",2010,3,15.892,NA
19,"F19_JPLL_A4_num",2010,4,64.7,NA
19,"F19_JPLL_A4_num",2011,1,105.64,NA
19,"F19_JPLL_A4_num",2011,3,99.824,NA
19,"F19_JPLL_A4_num",2011,4,45.935,NA
19,"F19_JPLL_A4_num",2012,3,127.249,NA
19,"F19_JPLL_A4_num",2013,2,30.028,NA
19,"F19_JPLL_A4_num",2013,3,49.687,NA
19,"F19_JPLL_A4_num",2014,2,16.793,NA
19,"F19_JPLL_A4_num",2014,4,210.963,NA
19,"F19_JPLL_A4_num",2015,3,138.602,NA
19,"F19_JPLL_A4_num",2015,4,30.767,NA
19,"F19_JPLL_A4_num",2016,3,67.166,NA
19,"F19_JPLL_A4_num",2017,3,145.536,NA
19,"F19_JPLL_A4_num",2017,4,46.1,NA
19,"F19_JPLL_A4_num",2018,3,29.752,NA
19,"F19_JPLL_A4_num",2019,3,198.678,NA
19,"F19_JPLL_A4_num",2019,4,125.182,NA
19,"F19_JPLL_A4_num",2020,3,30.91,NA
19,"F19_JPPL_A35_Q1",2002,1,NA,25.979
19,"F19_JPPL_A35_Q1",2004,1,NA,35.687
19,"F19_JPPL_A35_Q1",2005,1,NA,16.21
19,"F19_JPPL_A35_Q1",2007,1,NA,7.953
19,"F19_JPPL_A35_Q1",2022,1,NA,6.888
19,"F19_JPPL_A35_Q1",2023,1,NA,21.452
20,"F20_JPLL_A5_num",1995,4,29.75,NA
20,"F20_JPLL_A5_num",2003,4,82.18,NA
20,"F20_JPLL_A5_num",2004,1,24.391,NA
20,"F20_JPLL_A5_num",2004,4,118.407,NA
20,"F20_JPLL_A5_num",2005,4,38.699,NA
20,"F20_JPLL_A5_num",2007,4,11.136,NA
20,"F20_JPLL_A5_num",2009,4,33.478,NA
20,"F20_JPLL_A5_num",2011,4,45.603,NA
20,"F20_JPPL_A35_Q2",1994,2,NA,2.651
20,"F20_JPPL_A35_Q2",1995,2,NA,4.862
20,"F20_JPPL_A35_Q2",1996,2,NA,18.77
20,"F20_JPPL_A35_Q2",1997,2,NA,153.862
20,"F20_JPPL_A35_Q2",1998,2,NA,3.852
20,"F20_JPPL_A35_Q2",1999,2,NA,24.303
20,"F20_JPPL_A35_Q2",2000,2,NA,3.078
20,"F20_JPPL_A35_Q2",2001,2,NA,8.17
20,"F20_JPPL_A35_Q2",2002,2,NA,33.177
20,"F20_JPPL_A35_Q2",2003,2,NA,99.48
20,"F20_JPPL_A35_Q2",2004,2,NA,15.808
20,"F20_JPPL_A35_Q2",2005,2,NA,12.951
20,"F20_JPPL_A35_Q2",2006,2,NA,62.898
20,"F20_JPPL_A35_Q2",2007,2,NA,58.243
20,"F20_JPPL_A35_Q2",2008,2,NA,24.05
20,"F20_JPPL_A35_Q2",2009,2,NA,99.658
20,"F20_JPPL_A35_Q2",2010,2,NA,45.423
20,"F20_JPPL_A35_Q2",2011,2,NA,27.262
20,"F20_JPPL_A35_Q2",2012,2,NA,26.658
20,"F20_JPPL_A35_Q2",2013,2,NA,18.947
20,"F20_JPPL_A35_Q2",2014,2,NA,30.105
20,"F20_JPPL_A35_Q2",2015,2,NA,20.968
20,"F20_JPPL_A35_Q2",2016,2,NA,83.491
20,"F20_JPPL_A35_Q2",2017,2,NA,50.064
20,"F20_JPPL_A35_Q2",2018,2,NA,24.745
20,"F20_JPPL_A35_Q2",2019,2,NA,8.05
20,"F20_JPPL_A35_Q2",2020,2,NA,22.463
20,"F20_JPPL_A35_Q2",2021,2,NA,3.616
20,"F20_JPPL_A35_Q2",2022,2,NA,2.577
20,"F20_JPPL_A35_Q2",2023,2,NA,56.84
20,"F20_JPPL_A35_Q2",2024,2,NA,12.611
21,"F21_JPPL_A35_Q1",2004,1,17.433,NA
21,"F21_JPPL_A35_Q3",1994,3,NA,12.243
21,"F21_JPPL_A35_Q3",1995,3,NA,24.676
21,"F21_JPPL_A35_Q3",1996,3,NA,23.77
21,"F21_JPPL_A35_Q3",1997,3,NA,24.177
21,"F21_JPPL_A35_Q3",1998,3,NA,11.351
21,"F21_JPPL_A35_Q3",1999,3,NA,40.593
21,"F21_JPPL_A35_Q3",2000,3,NA,4.374
21,"F21_JPPL_A35_Q3",2001,3,NA,45.016
21,"F21_JPPL_A35_Q3",2002,3,NA,9.482
21,"F21_JPPL_A35_Q3",2003,3,NA,30.576
21,"F21_JPPL_A35_Q3",2004,3,NA,7.827
21,"F21_JPPL_A35_Q3",2005,3,NA,7.158
21,"F21_JPPL_A35_Q3",2006,3,NA,5.658
21,"F21_JPPL_A35_Q3",2007,3,NA,17.731
21,"F21_JPPL_A35_Q3",2008,3,NA,19.862
21,"F21_JPPL_A35_Q3",2009,3,NA,15.544
21,"F21_JPPL_A35_Q3",2010,3,NA,4.75
21,"F21_JPPL_A35_Q3",2011,3,NA,6.949
21,"F21_JPPL_A35_Q3",2012,3,NA,21.642
21,"F21_JPPL_A35_Q3",2013,3,NA,3.771
21,"F21_JPPL_A35_Q3",2014,3,NA,73.85
21,"F21_JPPL_A35_Q3",2015,3,NA,15.878
21,"F21_JPPL_A35_Q3",2016,3,NA,15.176
21,"F21_JPPL_A35_Q3",2017,3,NA,21.105
21,"F21_JPPL_A35_Q3",2018,3,NA,9.844
21,"F21_JPPL_A35_Q3",2019,3,NA,8.485
21,"F21_JPPL_A35_Q3",2021,3,NA,10.505
21,"F21_JPPL_A35_Q3",2023,3,NA,8.357
21,"F21_JPPL_A35_Q3",2024,3,NA,22.494
22,"F22_JPPL_A35_Q2_9421",1994,2,2.558,NA
22,"F22_JPPL_A35_Q2_9421",1996,2,45.679,NA
22,"F22_JPPL_A35_Q2_9421",1997,2,154.625,NA
22,"F22_JPPL_A35_Q2_9421",2001,2,4.237,NA
22,"F22_JPPL_A35_Q2_9421",2002,2,10.79,NA
22,"F22_JPPL_A35_Q2_9421",2003,2,5.781,NA
22,"F22_JPPL_A35_Q2_9421",2004,2,33.055,NA
22,"F22_JPPL_A35_Q2_9421",2005,2,4.244,NA
22,"F22_JPPL_A35_Q2_9421",2006,2,19.096,NA
22,"F22_JPPL_A35_Q2_9421",2007,2,98.626,NA
22,"F22_JPPL_A35_Q2_9421",2008,2,15.494,NA
22,"F22_JPPL_A35_Q2_9421",2009,2,37.323,NA
22,"F22_JPPL_A35_Q2_9421",2010,2,9.991,NA
22,"F22_JPPL_A35_Q2_9421",2011,2,20.828,NA
22,"F22_JPPL_A35_Q2_9421",2012,2,42.709,NA
22,"F22_JPPL_A35_Q2_9421",2013,2,71.065,NA
22,"F22_JPPL_A35_Q2_9421",2014,2,21.226,NA
22,"F22_JPPL_A35_Q2_9421",2015,2,31.921,NA
22,"F22_JPPL_A35_Q2_9421",2016,2,315.626,NA
22,"F22_JPPL_A35_Q2_9421",2017,2,163.167,NA
22,"F22_JPPL_A35_Q2_9421",2018,2,53.622,NA
22,"F22_JPPL_A35_Q2_9421",2019,2,20.846,NA
22,"F22_JPPL_A35_Q2_9421",2020,2,18.655,NA
22,"F22_JPPL_A35_Q2_9421",2021,2,177.409,NA
22,"F22_JPPL_A35_Q4",1994,4,NA,7.665
22,"F22_JPPL_A35_Q4",1995,4,NA,14.14
22,"F22_JPPL_A35_Q4",1997,4,NA,4.858
22,"F22_JPPL_A35_Q4",2002,4,NA,8.78
22,"F22_JPPL_A35_Q4",2003,4,NA,38.113
22,"F22_JPPL_A35_Q4",2005,4,NA,8.207
22,"F22_JPPL_A35_Q4",2009,4,NA,4.506
22,"F22_JPPL_A35_Q4",2019,4,NA,6.357
22,"F22_JPPL_A35_Q4",2020,4,NA,1.184
23,"F23_JPPL_A24",1994,2,NA,8.88
23,"F23_JPPL_A24",1996,2,NA,9.6
23,"F23_JPPL_A24",1997,2,NA,7.307
23,"F23_JPPL_A24",2002,1,NA,13.542
23,"F23_JPPL_A24",2002,2,NA,6.325
23,"F23_JPPL_A24",2002,4,NA,11.494
23,"F23_JPPL_A24",2003,1,NA,18.465
23,"F23_JPPL_A24",2003,2,NA,12.993
23,"F23_JPPL_A24",2003,4,NA,13.811
23,"F23_JPPL_A24",2004,1,NA,80.397
23,"F23_JPPL_A24",2004,2,NA,21.737
23,"F23_JPPL_A24",2005,1,NA,3.681
23,"F23_JPPL_A24",2005,2,NA,3.911
23,"F23_JPPL_A24",2006,2,NA,14.615
23,"F23_JPPL_A24",2007,2,NA,5.21
23,"F23_JPPL_A24",2009,2,NA,12.224
23,"F23_JPPL_A24",2010,2,NA,10.217
23,"F23_JPPL_A24",2011,2,NA,17.076
23,"F23_JPPL_A24",2011,3,NA,7.329
23,"F23_JPPL_A24",2013,2,NA,5.942
23,"F23_JPPL_A24",2015,2,NA,8.906
23,"F23_JPPL_A24",2015,3,NA,11.27
23,"F23_JPPL_A24",2015,4,NA,7.508
23,"F23_JPPL_A24",2017,2,NA,11.937
23,"F23_JPPL_A24",2021,2,NA,10.33
23,"F23_JPPL_A35_Q3",1994,3,7.676,NA
23,"F23_JPPL_A35_Q3",1995,3,9.457,NA
23,"F23_JPPL_A35_Q3",1996,3,46.456,NA
23,"F23_JPPL_A35_Q3",1997,3,45.865,NA
23,"F23_JPPL_A35_Q3",2001,3,6.644,NA
23,"F23_JPPL_A35_Q3",2002,3,24.875,NA
23,"F23_JPPL_A35_Q3",2003,3,15.088,NA
23,"F23_JPPL_A35_Q3",2004,3,10.062,NA
23,"F23_JPPL_A35_Q3",2005,3,17.776,NA
23,"F23_JPPL_A35_Q3",2006,3,5.479,NA
23,"F23_JPPL_A35_Q3",2007,3,16.888,NA
23,"F23_JPPL_A35_Q3",2008,3,14.707,NA
23,"F23_JPPL_A35_Q3",2009,3,8.095,NA
23,"F23_JPPL_A35_Q3",2010,3,6.063,NA
23,"F23_JPPL_A35_Q3",2011,3,7.694,NA
23,"F23_JPPL_A35_Q3",2012,3,20.143,NA
23,"F23_JPPL_A35_Q3",2013,3,5.048,NA
23,"F23_JPPL_A35_Q3",2014,3,14.363,NA
23,"F23_JPPL_A35_Q3",2015,3,13.427,NA
23,"F23_JPPL_A35_Q3",2016,3,16.678,NA
23,"F23_JPPL_A35_Q3",2017,3,19.508,NA
23,"F23_JPPL_A35_Q3",2019,3,54.398,NA
24,"F24_JPPL_A35_Q4",1994,4,6.157,NA
24,"F24_JPPL_A35_Q4",1995,4,6.079,NA
24,"F24_JPPL_A35_Q4",1997,4,10.005,NA
24,"F24_JPPL_A35_Q4",2002,4,10.961,NA
24,"F24_JPPL_A35_Q4",2003,4,15.16,NA
24,"F24_JPPL_A35_Q4",2009,4,3.743,NA
24,"F24_JPPL_A35_Q4",2019,4,8.216,NA
24,"F24_USLL_A35",1994,4,NA,19.037
24,"F24_USLL_A35",1995,1,NA,27.676
24,"F24_USLL_A35",1995,2,NA,24.565
24,"F24_USLL_A35",1996,3,NA,11.317
24,"F24_USLL_A35",1996,4,NA,38.657
24,"F24_USLL_A35",1997,1,NA,17.127
24,"F24_USLL_A35",1997,2,NA,11.595
24,"F24_USLL_A35",1997,4,NA,63.381
24,"F24_USLL_A35",1998,1,NA,10.162
24,"F24_USLL_A35",1998,3,NA,18.517
24,"F24_USLL_A35",1998,4,NA,67.368
24,"F24_USLL_A35",1999,1,NA,57.349
24,"F24_USLL_A35",1999,2,NA,10.013
24,"F24_USLL_A35",1999,4,NA,53.716
24,"F24_USLL_A35",2000,1,NA,91.306
24,"F24_USLL_A35",2000,2,NA,11.424
24,"F24_USLL_A35",2000,4,NA,76.085
24,"F24_USLL_A35",2001,1,NA,38.045
24,"F24_USLL_A35",2004,4,NA,59.358
24,"F24_USLL_A35",2005,1,NA,17.702
24,"F24_USLL_A35",2005,2,NA,11.26
24,"F24_USLL_A35",2005,4,NA,50.15
24,"F24_USLL_A35",2006,1,NA,145.451
24,"F24_USLL_A35",2007,1,NA,99.993
24,"F24_USLL_A35",2007,4,NA,34.846
24,"F24_USLL_A35",2008,1,NA,79.435
24,"F24_USLL_A35",2008,2,NA,8.878
24,"F24_USLL_A35",2008,4,NA,101.071
24,"F24_USLL_A35",2009,1,NA,42.536
24,"F24_USLL_A35",2009,2,NA,9.216
24,"F24_USLL_A35",2009,3,NA,10.448
24,"F24_USLL_A35",2009,4,NA,20.31
24,"F24_USLL_A35",2010,1,NA,91.908
24,"F24_USLL_A35",2010,2,NA,5.266
24,"F24_USLL_A35",2010,3,NA,13.184
24,"F24_USLL_A35",2010,4,NA,50.21
24,"F24_USLL_A35",2011,1,NA,57.526
24,"F24_USLL_A35",2011,2,NA,5.565
24,"F24_USLL_A35",2011,4,NA,61.614
24,"F24_USLL_A35",2012,1,NA,278.176
24,"F24_USLL_A35",2012,2,NA,4.481
24,"F24_USLL_A35",2012,3,NA,29.916
24,"F24_USLL_A35",2012,4,NA,28.074
24,"F24_USLL_A35",2013,1,NA,9.275
24,"F24_USLL_A35",2013,2,NA,11.242
24,"F24_USLL_A35",2013,4,NA,28.863
24,"F24_USLL_A35",2014,1,NA,79.976
24,"F24_USLL_A35",2014,2,NA,9.227
24,"F24_USLL_A35",2014,4,NA,10.795
24,"F24_USLL_A35",2015,1,NA,32.541
24,"F24_USLL_A35",2015,2,NA,3.865
24,"F24_USLL_A35",2015,3,NA,8.64
24,"F24_USLL_A35",2016,1,NA,16.42
24,"F24_USLL_A35",2016,3,NA,8.064
24,"F24_USLL_A35",2016,4,NA,12.148
24,"F24_USLL_A35",2017,1,NA,27.484
24,"F24_USLL_A35",2017,4,NA,17.539
24,"F24_USLL_A35",2018,1,NA,27.396
24,"F24_USLL_A35",2019,1,NA,8.176
24,"F24_USLL_A35",2020,1,NA,31.879
24,"F24_USLL_A35",2020,3,NA,16.788
24,"F24_USLL_A35",2020,4,NA,4.847
24,"F24_USLL_A35",2021,1,NA,25.609
24,"F24_USLL_A35",2021,2,NA,23.163
24,"F24_USLL_A35",2021,4,NA,39.361
24,"F24_USLL_A35",2022,1,NA,15.607
24,"F24_USLL_A35",2022,4,NA,31.893
24,"F24_USLL_A35",2023,1,NA,28.09
24,"F24_USLL_A35",2023,2,NA,59.293
24,"F24_USLL_A35",2023,4,NA,7.593
24,"F24_USLL_A35",2024,1,NA,46.229
24,"F24_USLL_A35",2024,4,NA,27.912
25,"F25_JPPL_A24",1994,2,8.324,NA
25,"F25_JPPL_A24",2002,1,8.942,NA
25,"F25_JPPL_A24",2003,1,6.303,NA
25,"F25_JPPL_A24",2003,2,16.824,NA
25,"F25_JPPL_A24",2004,1,239.658,NA
25,"F25_JPPL_A24",2011,2,8.869,NA
25,"F25_USLL_A24",1994,1,NA,33.977
25,"F25_USLL_A24",1994,2,NA,10.701
25,"F25_USLL_A24",1994,3,NA,54.348
25,"F25_USLL_A24",1994,4,NA,34.154
25,"F25_USLL_A24",1995,1,NA,91.832
25,"F25_USLL_A24",1995,2,NA,76.875
25,"F25_USLL_A24",1995,3,NA,39.022
25,"F25_USLL_A24",1995,4,NA,22.688
25,"F25_USLL_A24",1996,1,NA,124.971
25,"F25_USLL_A24",1996,2,NA,76.555
25,"F25_USLL_A24",1996,3,NA,49.4
25,"F25_USLL_A24",1996,4,NA,154.882
25,"F25_USLL_A24",1997,1,NA,129.872
25,"F25_USLL_A24",1997,2,NA,45.478
25,"F25_USLL_A24",1997,3,NA,6.748
25,"F25_USLL_A24",1997,4,NA,24.556
25,"F25_USLL_A24",1998,1,NA,53.339
25,"F25_USLL_A24",1998,2,NA,20.289
25,"F25_USLL_A24",1998,3,NA,36.198
25,"F25_USLL_A24",1998,4,NA,39.253
25,"F25_USLL_A24",1999,1,NA,46.844
25,"F25_USLL_A24",1999,2,NA,21.372
25,"F25_USLL_A24",1999,3,NA,62.201
25,"F25_USLL_A24",1999,4,NA,28.529
25,"F25_USLL_A24",2000,1,NA,30.949
25,"F25_USLL_A24",2000,2,NA,35.004
25,"F25_USLL_A24",2000,4,NA,172.61
25,"F25_USLL_A24",2001,2,NA,40.922
25,"F25_USLL_A24",2001,3,NA,235.62
25,"F25_USLL_A24",2001,4,NA,75.78
25,"F25_USLL_A24",2002,1,NA,125.29
25,"F25_USLL_A24",2002,2,NA,50.575
25,"F25_USLL_A24",2002,3,NA,92.648
25,"F25_USLL_A24",2002,4,NA,93.9
25,"F25_USLL_A24",2003,1,NA,60.736
25,"F25_USLL_A24",2003,2,NA,86.113
25,"F25_USLL_A24",2003,3,NA,48.068
25,"F25_USLL_A24",2003,4,NA,15.81
25,"F25_USLL_A24",2004,1,NA,407.563
25,"F25_USLL_A24",2004,2,NA,114.91
25,"F25_USLL_A24",2004,3,NA,11.115
25,"F25_USLL_A24",2004,4,NA,8.315
25,"F25_USLL_A24",2005,1,NA,29.4
25,"F25_USLL_A24",2005,2,NA,33.331
25,"F25_USLL_A24",2005,3,NA,45.935
25,"F25_USLL_A24",2005,4,NA,21.663
25,"F25_USLL_A24",2006,1,NA,82.594
25,"F25_USLL_A24",2006,2,NA,131.499
25,"F25_USLL_A24",2006,3,NA,84.613
25,"F25_USLL_A24",2006,4,NA,17.547
25,"F25_USLL_A24",2007,1,NA,74.972
25,"F25_USLL_A24",2007,2,NA,57.498
25,"F25_USLL_A24",2007,3,NA,114.224
25,"F25_USLL_A24",2007,4,NA,159.716
25,"F25_USLL_A24",2008,1,NA,61.148
25,"F25_USLL_A24",2008,2,NA,101.094
25,"F25_USLL_A24",2008,3,NA,11.639
25,"F25_USLL_A24",2008,4,NA,27.41
25,"F25_USLL_A24",2009,1,NA,28.967
25,"F25_USLL_A24",2009,2,NA,70.192
25,"F25_USLL_A24",2009,4,NA,15.698
25,"F25_USLL_A24",2010,1,NA,49.836
25,"F25_USLL_A24",2010,2,NA,121.997
25,"F25_USLL_A24",2010,4,NA,71.518
25,"F25_USLL_A24",2011,1,NA,122.481
25,"F25_USLL_A24",2011,2,NA,114.514
25,"F25_USLL_A24",2011,3,NA,32.258
25,"F25_USLL_A24",2011,4,NA,24.171
25,"F25_USLL_A24",2012,1,NA,107.889
25,"F25_USLL_A24",2012,2,NA,99.814
25,"F25_USLL_A24",2012,3,NA,25.63
25,"F25_USLL_A24",2012,4,NA,49.473
25,"F25_USLL_A24",2013,1,NA,140.941
25,"F25_USLL_A24",2013,2,NA,107.209
25,"F25_USLL_A24",2013,3,NA,23.536
25,"F25_USLL_A24",2013,4,NA,53.037
25,"F25_USLL_A24",2014,1,NA,49.432
25,"F25_USLL_A24",2014,2,NA,117.059
25,"F25_USLL_A24",2014,3,NA,37.404
25,"F25_USLL_A24",2014,4,NA,18.108
25,"F25_USLL_A24",2015,1,NA,97.462
25,"F25_USLL_A24",2015,2,NA,186.301
25,"F25_USLL_A24",2015,3,NA,23.789
25,"F25_USLL_A24",2015,4,NA,47.322
25,"F25_USLL_A24",2016,1,NA,153.271
25,"F25_USLL_A24",2016,2,NA,297.981
25,"F25_USLL_A24",2016,3,NA,143.556
25,"F25_USLL_A24",2016,4,NA,9.199
25,"F25_USLL_A24",2017,1,NA,34.844
25,"F25_USLL_A24",2017,2,NA,22.416
25,"F25_USLL_A24",2017,3,NA,17.849
25,"F25_USLL_A24",2018,1,NA,18.201
25,"F25_USLL_A24",2018,2,NA,28.932
25,"F25_USLL_A24",2018,3,NA,26.251
25,"F25_USLL_A24",2018,4,NA,35.199
25,"F25_USLL_A24",2019,1,NA,17.984
25,"F25_USLL_A24",2019,2,NA,15.139
25,"F25_USLL_A24",2019,3,NA,25.48
25,"F25_USLL_A24",2019,4,NA,14.591
25,"F25_USLL_A24",2020,1,NA,26.704
25,"F25_USLL_A24",2020,3,NA,34.04
25,"F25_USLL_A24",2020,4,NA,6.558
25,"F25_USLL_A24",2021,1,NA,29.206
25,"F25_USLL_A24",2021,3,NA,27.059
25,"F25_USLL_A24",2021,4,NA,31.764
25,"F25_USLL_A24",2022,1,NA,50.789
25,"F25_USLL_A24",2022,2,NA,35.064
25,"F25_USLL_A24",2022,3,NA,82.216
25,"F25_USLL_A24",2022,4,NA,50.24
25,"F25_USLL_A24",2023,1,NA,36.536
25,"F25_USLL_A24",2023,2,NA,24.953
25,"F25_USLL_A24",2023,3,NA,39.902
25,"F25_USLL_A24",2023,4,NA,29.472
25,"F25_USLL_A24",2024,2,NA,29.302
25,"F25_USLL_A24",2024,3,NA,26.226
25,"F25_USLL_A24",2024,4,NA,29.702
26,"F26_TWLL_A35",2003,1,NA,20.555
26,"F26_TWLL_A35",2003,3,NA,3.297
26,"F26_TWLL_A35",2003,4,NA,18.451
26,"F26_TWLL_A35",2004,1,NA,87.395
26,"F26_TWLL_A35",2004,3,NA,57.6
26,"F26_TWLL_A35",2004,4,NA,103.024
26,"F26_TWLL_A35",2005,1,NA,65.526
26,"F26_TWLL_A35",2005,3,NA,6.662
26,"F26_TWLL_A35",2005,4,NA,94.529
26,"F26_TWLL_A35",2006,1,NA,49.569
26,"F26_TWLL_A35",2006,2,NA,117.746
26,"F26_TWLL_A35",2006,3,NA,11.73
26,"F26_TWLL_A35",2006,4,NA,76.698
26,"F26_TWLL_A35",2007,1,NA,209.565
26,"F26_TWLL_A35",2007,2,NA,27.694
26,"F26_TWLL_A35",2007,4,NA,110.477
26,"F26_TWLL_A35",2008,1,NA,82.049
26,"F26_TWLL_A35",2008,2,NA,48.507
26,"F26_TWLL_A35",2008,3,NA,13.799
26,"F26_TWLL_A35",2008,4,NA,31.669
26,"F26_TWLL_A35",2009,1,NA,127.36
26,"F26_TWLL_A35",2009,4,NA,14.827
26,"F26_TWLL_A35",2010,1,NA,96.198
26,"F26_TWLL_A35",2010,2,NA,15.771
26,"F26_TWLL_A35",2010,3,NA,23.058
26,"F26_TWLL_A35",2010,4,NA,36.611
26,"F26_TWLL_A35",2011,1,NA,48.904
26,"F26_TWLL_A35",2011,2,NA,4.266
26,"F26_TWLL_A35",2011,3,NA,23.38
26,"F26_TWLL_A35",2011,4,NA,28.764
26,"F26_TWLL_A35",2012,1,NA,88.612
26,"F26_TWLL_A35",2012,4,NA,52.54
26,"F26_TWLL_A35",2013,1,NA,74.648
26,"F26_TWLL_A35",2013,4,NA,62.517
26,"F26_TWLL_A35",2014,1,NA,83.518
26,"F26_TWLL_A35",2014,4,NA,35.785
26,"F26_TWLL_A35",2015,1,NA,23.278
26,"F26_TWLL_A35",2015,4,NA,25.756
26,"F26_TWLL_A35",2016,1,NA,27.11
26,"F26_TWLL_A35",2016,2,NA,6.897
26,"F26_TWLL_A35",2016,4,NA,22.38
26,"F26_TWLL_A35",2017,1,NA,35.73
26,"F26_TWLL_A35",2017,4,NA,45.524
26,"F26_TWLL_A35",2018,1,NA,107.03
26,"F26_TWLL_A35",2018,4,NA,68.361
26,"F26_TWLL_A35",2019,1,NA,182.689
26,"F26_TWLL_A35",2019,4,NA,196.068
26,"F26_TWLL_A35",2020,1,NA,38.505
26,"F26_TWLL_A35",2020,2,NA,5.646
26,"F26_TWLL_A35",2020,4,NA,367.228
26,"F26_TWLL_A35",2021,1,NA,43.05
26,"F26_TWLL_A35",2021,2,NA,35.3
26,"F26_TWLL_A35",2021,3,NA,5.72
26,"F26_TWLL_A35",2021,4,NA,54.911
26,"F26_TWLL_A35",2022,1,NA,43.264
26,"F26_TWLL_A35",2022,2,NA,70.104
26,"F26_TWLL_A35",2022,4,NA,47.403
26,"F26_TWLL_A35",2023,1,NA,29.021
26,"F26_TWLL_A35",2023,2,NA,3.181
26,"F26_TWLL_A35",2023,4,NA,199.334
26,"F26_TWLL_A35",2024,1,NA,132.849
26,"F26_TWLL_A35",2024,2,NA,36.499
26,"F26_TWLL_A35",2024,3,NA,29.116
26,"F26_TWLL_A35",2024,4,NA,100.849
26,"F26_USLL_A35",1994,4,22.832,NA
26,"F26_USLL_A35",1995,1,37.12,NA
26,"F26_USLL_A35",1996,1,40,NA
26,"F26_USLL_A35",1996,4,26.939,NA
26,"F26_USLL_A35",1997,1,14.373,NA
26,"F26_USLL_A35",1997,4,48.962,NA
26,"F26_USLL_A35",1998,1,9.306,NA
26,"F26_USLL_A35",1998,3,23.406,NA
26,"F26_USLL_A35",1998,4,61.684,NA
26,"F26_USLL_A35",1999,1,46.41,NA
26,"F26_USLL_A35",1999,4,43.022,NA
26,"F26_USLL_A35",2000,1,79.122,NA
26,"F26_USLL_A35",2000,4,58.432,NA
26,"F26_USLL_A35",2004,4,58.938,NA
26,"F26_USLL_A35",2005,1,19.836,NA
26,"F26_USLL_A35",2005,4,71.163,NA
26,"F26_USLL_A35",2006,1,218.046,NA
26,"F26_USLL_A35",2007,1,68.525,NA
26,"F26_USLL_A35",2008,1,86.5,NA
26,"F26_USLL_A35",2008,3,10.89,NA
26,"F26_USLL_A35",2008,4,101.816,NA
26,"F26_USLL_A35",2009,1,44.28,NA
26,"F26_USLL_A35",2010,1,72.887,NA
26,"F26_USLL_A35",2010,4,62.201,NA
26,"F26_USLL_A35",2011,1,75.541,NA
26,"F26_USLL_A35",2011,3,9.651,NA
26,"F26_USLL_A35",2011,4,64.142,NA
26,"F26_USLL_A35",2012,1,249.746,NA
26,"F26_USLL_A35",2012,3,28.383,NA
26,"F26_USLL_A35",2013,1,8.718,NA
26,"F26_USLL_A35",2014,1,74.579,NA
26,"F26_USLL_A35",2018,3,24.229,NA
26,"F26_USLL_A35",2020,1,33.273,NA
26,"F26_USLL_A35",2021,1,20.147,NA
26,"F26_USLL_A35",2021,3,37.885,NA
26,"F26_USLL_A35",2021,4,23.976,NA
27,"F27_USLL_A24",1994,3,49.508,NA
27,"F27_USLL_A24",1994,4,36.17,NA
27,"F27_USLL_A24",1995,1,83.987,NA
27,"F27_USLL_A24",1995,2,74.878,NA
27,"F27_USLL_A24",1995,3,39.564,NA
27,"F27_USLL_A24",1995,4,24.043,NA
27,"F27_USLL_A24",1996,1,127.705,NA
27,"F27_USLL_A24",1996,2,83.958,NA
27,"F27_USLL_A24",1996,4,185.427,NA
27,"F27_USLL_A24",1997,1,152.544,NA
27,"F27_USLL_A24",1997,2,52.199,NA
27,"F27_USLL_A24",1997,4,30.17,NA
27,"F27_USLL_A24",1998,1,59.984,NA
27,"F27_USLL_A24",1998,2,21.357,NA
27,"F27_USLL_A24",1998,3,42.124,NA
27,"F27_USLL_A24",1998,4,45.095,NA
27,"F27_USLL_A24",1999,1,59.436,NA
27,"F27_USLL_A24",1999,2,21.408,NA
27,"F27_USLL_A24",1999,3,61.427,NA
27,"F27_USLL_A24",1999,4,36.407,NA
27,"F27_USLL_A24",2000,1,34.848,NA
27,"F27_USLL_A24",2000,3,154.059,NA
27,"F27_USLL_A24",2000,4,139.84,NA
27,"F27_USLL_A24",2001,1,141.466,NA
27,"F27_USLL_A24",2001,2,41.655,NA
27,"F27_USLL_A24",2001,3,228.256,NA
27,"F27_USLL_A24",2001,4,62.868,NA
27,"F27_USLL_A24",2002,1,172.559,NA
27,"F27_USLL_A24",2002,2,74.405,NA
27,"F27_USLL_A24",2002,3,102.725,NA
27,"F27_USLL_A24",2002,4,59.307,NA
27,"F27_USLL_A24",2003,1,89.8,NA
27,"F27_USLL_A24",2003,2,151.64,NA
27,"F27_USLL_A24",2003,4,13.037,NA
27,"F27_USLL_A24",2004,1,814.136,NA
27,"F27_USLL_A24",2004,2,95.733,NA
27,"F27_USLL_A24",2004,3,9.939,NA
27,"F27_USLL_A24",2004,4,7.437,NA
27,"F27_USLL_A24",2005,1,44.389,NA
27,"F27_USLL_A24",2005,2,50.03,NA
27,"F27_USLL_A24",2005,3,66.518,NA
27,"F27_USLL_A24",2005,4,41.436,NA
27,"F27_USLL_A24",2006,1,191.007,NA
27,"F27_USLL_A24",2006,2,82.27,NA
27,"F27_USLL_A24",2006,3,98.108,NA
27,"F27_USLL_A24",2007,1,41.964,NA
27,"F27_USLL_A24",2007,4,340.317,NA
27,"F27_USLL_A24",2008,1,29.38,NA
27,"F27_USLL_A24",2008,2,40.244,NA
27,"F27_USLL_A24",2008,4,55.205,NA
27,"F27_USLL_A24",2009,1,53.947,NA
27,"F27_USLL_A24",2009,3,125.489,NA
27,"F27_USLL_A24",2010,1,116.016,NA
27,"F27_USLL_A24",2010,2,60.634,NA
27,"F27_USLL_A24",2010,3,55.734,NA
27,"F27_USLL_A24",2010,4,184.471,NA
27,"F27_USLL_A24",2011,1,148.784,NA
27,"F27_USLL_A24",2011,2,60.401,NA
27,"F27_USLL_A24",2011,3,49.262,NA
27,"F27_USLL_A24",2011,4,39.81,NA
27,"F27_USLL_A24",2012,1,146.739,NA
27,"F27_USLL_A24",2012,2,142.544,NA
27,"F27_USLL_A24",2012,4,117.315,NA
27,"F27_USLL_A24",2013,1,560.226,NA
27,"F27_USLL_A24",2013,2,50.748,NA
27,"F27_USLL_A24",2013,4,82.298,NA
27,"F27_USLL_A24",2014,2,89.836,NA
27,"F27_USLL_A24",2015,1,85.172,NA
27,"F27_USLL_A24",2015,2,209.476,NA
27,"F27_USLL_A24",2016,1,103.545,NA
27,"F27_USLL_A24",2016,2,114.759,NA
27,"F27_USLL_A24",2017,1,37.31,NA
27,"F27_USLL_A24",2021,3,32.99,NA
27,"F27_USLL_A24",2021,4,44.184,NA
28,"F28_TWLL_A35",2003,1,18.625,NA
28,"F28_TWLL_A35",2003,4,20.535,NA
28,"F28_TWLL_A35",2004,1,75.458,NA
28,"F28_TWLL_A35",2004,3,61.181,NA
28,"F28_TWLL_A35",2004,4,84.947,NA
28,"F28_TWLL_A35",2005,1,62.166,NA
28,"F28_TWLL_A35",2005,4,132.398,NA
28,"F28_TWLL_A35",2006,1,57.527,NA
28,"F28_TWLL_A35",2006,2,125.85,NA
28,"F28_TWLL_A35",2006,3,11.233,NA
28,"F28_TWLL_A35",2006,4,75.474,NA
28,"F28_TWLL_A35",2007,1,150.058,NA
28,"F28_TWLL_A35",2007,2,22.158,NA
28,"F28_TWLL_A35",2007,4,65.936,NA
28,"F28_TWLL_A35",2008,1,62.921,NA
28,"F28_TWLL_A35",2008,2,43.786,NA
28,"F28_TWLL_A35",2008,3,13.867,NA
28,"F28_TWLL_A35",2008,4,43.769,NA
28,"F28_TWLL_A35",2009,1,178.221,NA
28,"F28_TWLL_A35",2009,4,15.826,NA
28,"F28_TWLL_A35",2010,1,79.092,NA
28,"F28_TWLL_A35",2010,2,13.467,NA
28,"F28_TWLL_A35",2010,3,27.553,NA
28,"F28_TWLL_A35",2010,4,50.997,NA
28,"F28_TWLL_A35",2011,1,68.4,NA
28,"F28_TWLL_A35",2011,2,4.058,NA
28,"F28_TWLL_A35",2011,3,25.719,NA
28,"F28_TWLL_A35",2011,4,38.334,NA
28,"F28_TWLL_A35",2012,1,83.603,NA
28,"F28_TWLL_A35",2012,4,67.045,NA
28,"F28_TWLL_A35",2013,1,114.551,NA
28,"F28_TWLL_A35",2013,4,86.124,NA
28,"F28_TWLL_A35",2014,1,106.57,NA
28,"F28_TWLL_A35",2014,4,44.868,NA
28,"F28_TWLL_A35",2015,1,18.152,NA
28,"F28_TWLL_A35",2015,4,28.877,NA
28,"F28_TWLL_A35",2016,1,29.736,NA
28,"F28_TWLL_A35",2016,4,21.902,NA
28,"F28_TWLL_A35",2017,1,34.163,NA
28,"F28_TWLL_A35",2017,4,51.178,NA
28,"F28_TWLL_A35",2018,1,86.941,NA
28,"F28_TWLL_A35",2018,4,105.896,NA
28,"F28_TWLL_A35",2019,1,373.92,NA
28,"F28_TWLL_A35",2019,4,182.852,NA
28,"F28_TWLL_A35",2020,1,38.802,NA
28,"F28_TWLL_A35",2020,4,200.043,NA
28,"F28_TWLL_A35",2021,1,51.842,NA
28,"F28_TWLL_A35",2021,2,34.566,NA
28,"F28_TWLL_A35",2021,3,7.628,NA
28,"F28_TWLL_A35",2021,4,84.736,NA
29,"F29_CNLL_A35",2013,3,NA,307.993
29,"F29_CNLL_A35",2014,3,NA,29.009
29,"F29_CNLL_A35",2017,3,NA,11.063
29,"F29_CNLL_A35",2018,3,NA,11.148
29,"F29_CNLL_A35",2020,3,NA,250.856
30,"F30_CNLL_A24",1997,3,NA,32.219
30,"F30_CNLL_A24",1998,3,NA,7.067
30,"F30_CNLL_A24",1999,3,NA,16.021
30,"F30_CNLL_A24",2000,3,NA,8.094
30,"F30_CNLL_A24",2004,3,NA,26.998
30,"F30_CNLL_A24",2005,3,NA,8.276
30,"F30_CNLL_A24",2006,3,NA,34.857
30,"F30_CNLL_A24",2007,3,NA,11.738
30,"F30_CNLL_A24",2008,3,NA,6.988
30,"F30_CNLL_A24",2009,3,NA,11.035
30,"F30_CNLL_A24",2010,3,NA,8.395
30,"F30_CNLL_A24",2011,3,NA,9.643
30,"F30_CNLL_A24",2012,3,NA,8.34
30,"F30_CNLL_A24",2013,3,NA,6.046
30,"F30_CNLL_A24",2014,3,NA,25.554
30,"F30_CNLL_A24",2016,3,NA,4.455
30,"F30_CNLL_A24",2017,3,NA,9.583
30,"F30_CNLL_A24",2018,3,NA,11.277
30,"F30_CNLL_A24",2019,3,NA,5.519
30,"F30_CNLL_A24",2020,3,NA,21.014
30,"F30_CNLL_A24",2021,3,NA,11.354
30,"F30_CNLL_A24",2022,3,NA,99.855
30,"F30_CNLL_A24",2023,3,NA,4.268
30,"F30_CNLL_A24",2024,3,NA,17.483
31,"F31_CNLL_A35",2013,4,36.084,NA
31,"F31_CNLL_A35",2014,1,15.674,NA
31,"F31_CNLL_A35",2017,4,25.028,NA
31,"F31_CNLL_A35",2020,3,29.403,NA
31,"F31_VULL_mt",2000,3,NA,50.07
31,"F31_VULL_mt",2014,3,NA,47.347
31,"F31_VULL_mt",2015,3,NA,5.488
31,"F31_VULL_mt",2023,3,NA,20.355
31,"F31_VULL_mt",2024,3,NA,43.22
32,"F32_CNLL_A24",1999,3,19.622,NA
32,"F32_CNLL_A24",2000,1,4.721,NA
32,"F32_CNLL_A24",2004,1,23.584,NA
32,"F32_CNLL_A24",2006,1,11.419,NA
32,"F32_CNLL_A24",2008,2,22.327,NA
32,"F32_CNLL_A24",2011,4,54.342,NA
32,"F32_CNLL_A24",2014,1,4.674,NA
32,"F32_CNLL_A24",2017,4,30.21,NA
32,"F32_CNLL_A24",2019,1,7.201,NA
32,"F32_CNLL_A24",2020,3,6.159,NA
32,"F32_CNLL_A24",2020,4,19.403,NA
32,"F32_CNLL_A24",2021,1,21.827,NA
33,"F33_VUOTHLL",2000,1,7.564,NA
33,"F33_VUOTHLL",2014,1,74.48,NA
33,"F33_VUOTHLL",2014,2,29.902,NA
33,"F33_VUOTHLL",2014,3,37.666,NA
33,"F33_VUOTHLL",2014,4,60.609,NA
34,"F34_EPOSF_9921",1995,3,113.486,NA
34,"F34_EPOSF_9921",1996,2,112.01,NA
34,"F34_EPOSF_9921",1996,3,415.764,NA
34,"F34_EPOSF_9921",1997,2,76.535,NA
34,"F34_EPOSF_9921",1997,3,347.282,NA
34,"F34_EPOSF_9921",1998,3,159.555,NA
34,"F34_EPOSF_9921",1999,2,100.602,NA
34,"F34_EPOSF_9921",1999,3,94.603,NA
34,"F34_EPOSF_9921",2000,2,44.765,NA
34,"F34_EPOSF_9921",2000,3,72.337,NA
34,"F34_EPOSF_9921",2001,3,204.761,NA
34,"F34_EPOSF_9921",2002,3,27.201,NA
34,"F34_EPOSF_9921",2003,3,414.49,NA
34,"F34_EPOSF_9921",2003,4,39.607,NA
34,"F34_EPOSF_9921",2004,2,30.076,NA
34,"F34_EPOSF_9921",2004,3,56.292,NA
34,"F34_EPOSF_9921",2004,4,110.799,NA
34,"F34_EPOSF_9921",2005,2,88.757,NA
34,"F34_EPOSF_9921",2005,3,266.507,NA
34,"F34_EPOSF_9921",2005,4,44.461,NA
34,"F34_EPOSF_9921",2006,3,372.157,NA
34,"F34_EPOSF_9921",2006,4,266.457,NA
34,"F34_EPOSF_9921",2007,2,57.852,NA
34,"F34_EPOSF_9921",2007,3,610.706,NA
34,"F34_EPOSF_9921",2008,2,14.382,NA
34,"F34_EPOSF_9921",2008,3,442.621,NA
34,"F34_EPOSF_9921",2008,4,70.26,NA
34,"F34_EPOSF_9921",2009,2,181.713,NA
34,"F34_EPOSF_9921",2009,3,1923.41,NA
34,"F34_EPOSF_9921",2009,4,80.603,NA
34,"F34_EPOSF_9921",2010,2,41.286,NA
34,"F34_EPOSF_9921",2010,3,473.43,NA
34,"F34_EPOSF_9921",2010,4,178.338,NA
34,"F34_EPOSF_9921",2011,2,43.406,NA
34,"F34_EPOSF_9921",2011,3,180.555,NA
34,"F34_EPOSF_9921",2011,4,307.029,NA
34,"F34_EPOSF_9921",2012,2,46.528,NA
34,"F34_EPOSF_9921",2012,3,880.306,NA
34,"F34_EPOSF_9921",2012,4,177.718,NA
34,"F34_EPOSF_9921",2013,3,563.421,NA
34,"F34_EPOSF_9921",2013,4,368.286,NA
34,"F34_EPOSF_9921",2014,3,704.335,NA
34,"F34_EPOSF_9921",2014,4,89.244,NA
34,"F34_EPOSF_9921",2015,2,29.211,NA
34,"F34_EPOSF_9921",2015,3,111.571,NA
34,"F34_EPOSF_9921",2015,4,84.709,NA
34,"F34_EPOSF_9921",2016,2,39.557,NA
34,"F34_EPOSF_9921",2016,3,142.262,NA
34,"F34_EPOSF_9921",2016,4,38.91,NA
34,"F34_EPOSF_9921",2017,2,20.115,NA
34,"F34_EPOSF_9921",2017,3,63.432,NA
34,"F34_EPOSF_9921",2017,4,64.149,NA
34,"F34_EPOSF_9921",2018,2,19.724,NA
34,"F34_EPOSF_9921",2018,3,124.611,NA
34,"F34_EPOSF_9921",2019,2,16.767,NA
34,"F34_EPOSF_9921",2019,3,187.933,NA
34,"F34_EPOSF_9921",2019,4,75.039,NA
34,"F34_EPOSF_9921",2020,3,82.271,NA
34,"F34_EPOSF_9921",2020,4,77.72,NA
34,"F34_EPOSF_9921",2021,3,33.605,NA
34,"F34_EPOSF_9921",2021,4,18.598,NA
34,"F34_EPOSF_xx24",1995,3,NA,67.426
34,"F34_EPOSF_xx24",1996,2,NA,56.572
34,"F34_EPOSF_xx24",1996,3,NA,35.661
34,"F34_EPOSF_xx24",1996,4,NA,67.691
34,"F34_EPOSF_xx24",1997,2,NA,44.26
34,"F34_EPOSF_xx24",1997,3,NA,86.067
34,"F34_EPOSF_xx24",1997,4,NA,15.503
34,"F34_EPOSF_xx24",1998,3,NA,122.996
34,"F34_EPOSF_xx24",1998,4,NA,20.556
34,"F34_EPOSF_xx24",1999,2,NA,41.689
34,"F34_EPOSF_xx24",1999,3,NA,27.667
34,"F34_EPOSF_xx24",2000,2,NA,19.477
34,"F34_EPOSF_xx24",2000,3,NA,210.608
34,"F34_EPOSF_xx24",2001,2,NA,38.695
34,"F34_EPOSF_xx24",2001,3,NA,78.194
34,"F34_EPOSF_xx24",2002,3,NA,21.665
34,"F34_EPOSF_xx24",2003,3,NA,289.222
34,"F34_EPOSF_xx24",2004,2,NA,21.924
34,"F34_EPOSF_xx24",2004,3,NA,66.612
34,"F34_EPOSF_xx24",2004,4,NA,111.105
34,"F34_EPOSF_xx24",2005,2,NA,118.417
34,"F34_EPOSF_xx24",2005,3,NA,208.676
34,"F34_EPOSF_xx24",2005,4,NA,12.997
34,"F34_EPOSF_xx24",2006,3,NA,55.055
34,"F34_EPOSF_xx24",2006,4,NA,58.514
34,"F34_EPOSF_xx24",2007,2,NA,13.602
34,"F34_EPOSF_xx24",2007,3,NA,41.701
34,"F34_EPOSF_xx24",2008,2,NA,8.893
34,"F34_EPOSF_xx24",2008,3,NA,357.822
34,"F34_EPOSF_xx24",2008,4,NA,15.972
34,"F34_EPOSF_xx24",2009,2,NA,35.702
34,"F34_EPOSF_xx24",2009,3,NA,144.429
34,"F34_EPOSF_xx24",2009,4,NA,80.81
34,"F34_EPOSF_xx24",2010,2,NA,16.757
34,"F34_EPOSF_xx24",2010,3,NA,179.707
34,"F34_EPOSF_xx24",2010,4,NA,52.41
34,"F34_EPOSF_xx24",2011,2,NA,62.838
34,"F34_EPOSF_xx24",2011,3,NA,293.874
34,"F34_EPOSF_xx24",2011,4,NA,70.99
34,"F34_EPOSF_xx24",2012,2,NA,88.812
34,"F34_EPOSF_xx24",2012,3,NA,149.585
34,"F34_EPOSF_xx24",2012,4,NA,103.537
34,"F34_EPOSF_xx24",2013,3,NA,119.908
34,"F34_EPOSF_xx24",2013,4,NA,37.488
34,"F34_EPOSF_xx24",2014,3,NA,53.194
34,"F34_EPOSF_xx24",2014,4,NA,30.184
34,"F34_EPOSF_xx24",2015,2,NA,11.89
34,"F34_EPOSF_xx24",2015,3,NA,43.675
34,"F34_EPOSF_xx24",2015,4,NA,39.491
34,"F34_EPOSF_xx24",2016,2,NA,13.525
34,"F34_EPOSF_xx24",2016,3,NA,39.736
34,"F34_EPOSF_xx24",2016,4,NA,29.597
34,"F34_EPOSF_xx24",2017,2,NA,8.601
34,"F34_EPOSF_xx24",2017,3,NA,24.304
34,"F34_EPOSF_xx24",2017,4,NA,18.907
34,"F34_EPOSF_xx24",2018,2,NA,10.751
34,"F34_EPOSF_xx24",2018,3,NA,43.92
34,"F34_EPOSF_xx24",2019,2,NA,16.782
34,"F34_EPOSF_xx24",2019,3,NA,103.479
34,"F34_EPOSF_xx24",2019,4,NA,46.439
34,"F34_EPOSF_xx24",2020,3,NA,33.329
34,"F34_EPOSF_xx24",2020,4,NA,34.992
34,"F34_EPOSF_xx24",2021,3,NA,18.247
34,"F34_EPOSF_xx24",2021,4,NA,7.56
34,"F34_EPOSF_xx24",2022,3,NA,33.841
34,"F34_EPOSF_xx24",2022,4,NA,23.821
34,"F34_EPOSF_xx24",2023,3,NA,44.177
34,"F34_EPOSF_xx24",2024,3,NA,277.871
34,"F34_EPOSF_xx24",2024,4,NA,53.894
35,"F35_JPTWKR_DNMisc",2008,1,NA,19.955
35,"F35_JPTWKR_DNMisc",2008,2,NA,23.529
35,"F35_JPTWKR_DNMisc",2008,3,NA,4.871
35,"F35_JPTWKR_DNMisc",2008,4,NA,22.913
35,"F35_JPTWKR_DNMisc",2009,1,NA,18.229
35,"F35_JPTWKR_DNMisc",2009,2,NA,18.66
35,"F35_JPTWKR_DNMisc",2009,4,NA,83.288
35,"F35_JPTWKR_DNMisc",2010,2,NA,5.096
35,"F35_JPTWKR_DNMisc",2010,3,NA,4.48
35,"F35_JPTWKR_DNMisc",2010,4,NA,39.629
35,"F35_JPTWKR_DNMisc",2011,1,NA,12.13
35,"F35_JPTWKR_DNMisc",2011,4,NA,18.62
35,"F35_JPTWKR_DNMisc",2012,1,NA,12.578
35,"F35_JPTWKR_DNMisc",2012,2,NA,23.098
35,"F35_JPTWKR_DNMisc",2014,4,NA,4.373
35,"F35_JPTWKR_DNMisc",2015,1,NA,5.293
35,"F35_JPTWKR_DNMisc",2015,3,NA,4.106
35,"F35_JPTWKR_DNMisc",2015,4,NA,12.202
35,"F35_JPTWKR_DNMisc",2016,2,NA,2.08
35,"F35_JPTWKR_DNMisc",2016,4,NA,5.921
35,"F35_JPTWKR_DNMisc",2017,4,NA,17.97
35,"F35_JPTWKR_DNMisc",2018,3,NA,7.347
35,"F35_JPTWKR_DNMisc",2018,4,NA,50.143
35,"F35_JPTWKR_DNMisc",2022,3,NA,2.73
35,"F35_JPTWKR_DNMisc",2023,3,NA,2.599
36,"S36_JPLL_idx_adult",1996,1,NA,21.892
36,"S36_JPLL_idx_adult",1997,1,NA,22.494
36,"S36_JPLL_idx_adult",1998,1,NA,21.715
36,"S36_JPLL_idx_adult",1999,1,NA,19.078
36,"S36_JPLL_idx_adult",2000,1,NA,18.053
36,"S36_JPLL_idx_adult",2001,1,NA,16.573
36,"S36_JPLL_idx_adult",2002,1,NA,16.754
36,"S36_JPLL_idx_adult",2003,1,NA,16.656
36,"S36_JPLL_idx_adult",2004,1,NA,16.639
36,"S36_JPLL_idx_adult",2005,1,NA,16.808
36,"S36_JPLL_idx_adult",2006,1,NA,16.127
36,"S36_JPLL_idx_adult",2007,1,NA,15.226
36,"S36_JPLL_idx_adult",2008,1,NA,13.906
36,"S36_JPLL_idx_adult",2009,1,NA,14.2
36,"S36_JPLL_idx_adult",2010,1,NA,15.252
36,"S36_JPLL_idx_adult",2011,1,NA,16.264
36,"S36_JPLL_idx_adult",2012,1,NA,16.025
36,"S36_JPLL_idx_adult",2013,1,NA,15.874
36,"S36_JPLL_idx_adult",2014,1,NA,15.551
36,"S36_JPLL_idx_adult",2015,1,NA,15.259
36,"S36_JPLL_idx_adult",2016,1,NA,15.578
36,"S36_JPLL_idx_adult",2017,1,NA,17.013
36,"S36_JPLL_idx_adult",2018,1,NA,18.052
36,"S36_JPLL_idx_adult",2019,1,NA,19.293
36,"S36_JPLL_idx_adult",2020,1,NA,17.821
36,"S36_JPLL_idx_adult",2021,1,NA,13.563
36,"S36_JPLL_idx_adult",2022,1,NA,16.12
36,"S36_JPLL_idx_adult",2023,1,NA,19.621
36,"S36_JPLL_idx_adult",2024,1,NA,19.662
36,"S36_JPLL_RTV_A2",1994,2,119.655,NA
36,"S36_JPLL_RTV_A2",1994,4,119.655,NA
36,"S36_JPLL_RTV_A2",1995,4,119.655,NA
36,"S36_JPLL_RTV_A2",1996,4,119.655,NA
36,"S36_JPLL_RTV_A2",1997,4,119.655,NA
36,"S36_JPLL_RTV_A2",2004,1,119.655,NA
36,"S36_JPLL_RTV_A2",2004,2,119.655,NA
36,"S36_JPLL_RTV_A2",2005,1,119.655,NA
36,"S36_JPLL_RTV_A2",2006,1,119.655,NA
36,"S36_JPLL_RTV_A2",2007,1,119.655,NA
36,"S36_JPLL_RTV_A2",2008,1,119.655,NA
36,"S36_JPLL_RTV_A2",2009,4,119.655,NA
36,"S36_JPLL_RTV_A2",2010,1,119.655,NA
36,"S36_JPLL_RTV_A2",2011,1,119.655,NA
36,"S36_JPLL_RTV_A2",2011,3,119.655,NA
36,"S36_JPLL_RTV_A2",2011,4,119.655,NA
36,"S36_JPLL_RTV_A2",2014,1,119.655,NA
36,"S36_JPLL_RTV_A2",2015,1,119.655,NA
36,"S36_JPLL_RTV_A2",2016,2,119.655,NA
36,"S36_JPLL_RTV_A2",2017,4,119.655,NA
36,"S36_JPLL_RTV_A2",2018,1,119.655,NA
36,"S36_JPLL_RTV_A2",2018,2,119.655,NA
36,"S36_JPLL_RTV_A2",2018,4,119.655,NA
36,"S36_JPLL_RTV_A2",2019,2,119.655,NA
36,"S36_JPLL_RTV_A2",2019,4,119.655,NA
36,"S36_JPLL_RTV_A2",2020,4,119.655,NA
36,"S36_JPLL_RTV_A2",2021,1,119.655,NA
36,"S36_JPLL_RTV_A2",2021,2,119.655,NA
36,"S36_JPLL_RTV_A2",2021,3,119.655,NA
36,"S36_JPLL_RTV_A2",2021,4,119.655,NA
37,"S37_JPLL_RTV_A4",1994,1,24.013,NA
37,"S37_JPLL_RTV_A4",1994,2,24.013,NA
37,"S37_JPLL_RTV_A4",1994,3,24.013,NA
37,"S37_JPLL_RTV_A4",1994,4,24.013,NA
37,"S37_JPLL_RTV_A4",1995,1,24.013,NA
37,"S37_JPLL_RTV_A4",1995,2,24.013,NA
37,"S37_JPLL_RTV_A4",1996,1,24.013,NA
37,"S37_JPLL_RTV_A4",1996,2,24.013,NA
37,"S37_JPLL_RTV_A4",1996,4,24.013,NA
37,"S37_JPLL_RTV_A4",1997,1,24.013,NA
37,"S37_JPLL_RTV_A4",1997,2,24.013,NA
37,"S37_JPLL_RTV_A4",2003,2,24.013,NA
37,"S37_JPLL_RTV_A4",2003,3,24.013,NA
37,"S37_JPLL_RTV_A4",2003,4,24.013,NA
37,"S37_JPLL_RTV_A4",2004,1,24.013,NA
37,"S37_JPLL_RTV_A4",2004,4,24.013,NA
37,"S37_JPLL_RTV_A4",2005,1,24.013,NA
37,"S37_JPLL_RTV_A4",2005,2,24.013,NA
37,"S37_JPLL_RTV_A4",2006,1,24.013,NA
37,"S37_JPLL_RTV_A4",2006,2,24.013,NA
37,"S37_JPLL_RTV_A4",2006,3,24.013,NA
37,"S37_JPLL_RTV_A4",2006,4,24.013,NA
37,"S37_JPLL_RTV_A4",2007,1,24.013,NA
37,"S37_JPLL_RTV_A4",2007,2,24.013,NA
37,"S37_JPLL_RTV_A4",2008,1,24.013,NA
37,"S37_JPLL_RTV_A4",2008,2,24.013,NA
37,"S37_JPLL_RTV_A4",2009,1,24.013,NA
37,"S37_JPLL_RTV_A4",2009,2,24.013,NA
37,"S37_JPLL_RTV_A4",2010,1,24.013,NA
37,"S37_JPLL_RTV_A4",2010,2,24.013,NA
37,"S37_JPLL_RTV_A4",2010,4,24.013,NA
37,"S37_JPLL_RTV_A4",2011,1,24.013,NA
37,"S37_JPLL_RTV_A4",2011,2,24.013,NA
37,"S37_JPLL_RTV_A4",2011,4,24.013,NA
37,"S37_JPLL_RTV_A4",2012,1,24.013,NA
37,"S37_JPLL_RTV_A4",2012,2,24.013,NA
37,"S37_JPLL_RTV_A4",2012,4,24.013,NA
37,"S37_JPLL_RTV_A4",2013,1,24.013,NA
37,"S37_JPLL_RTV_A4",2013,2,24.013,NA
37,"S37_JPLL_RTV_A4",2013,4,24.013,NA
37,"S37_JPLL_RTV_A4",2014,1,24.013,NA
37,"S37_JPLL_RTV_A4",2014,2,24.013,NA
37,"S37_JPLL_RTV_A4",2014,4,24.013,NA
37,"S37_JPLL_RTV_A4",2015,1,24.013,NA
37,"S37_JPLL_RTV_A4",2015,2,24.013,NA
37,"S37_JPLL_RTV_A4",2015,3,24.013,NA
37,"S37_JPLL_RTV_A4",2016,2,24.013,NA
37,"S37_JPLL_RTV_A4",2016,3,24.013,NA
37,"S37_JPLL_RTV_A4",2017,1,24.013,NA
37,"S37_JPLL_RTV_A4",2017,2,24.013,NA
37,"S37_JPLL_RTV_A4",2017,3,24.013,NA
37,"S37_JPLL_RTV_A4",2018,1,24.013,NA
37,"S37_JPLL_RTV_A4",2018,2,24.013,NA
37,"S37_JPLL_RTV_A4",2018,3,24.013,NA
37,"S37_JPLL_RTV_A4",2018,4,24.013,NA
37,"S37_JPLL_RTV_A4",2019,1,24.013,NA
37,"S37_JPLL_RTV_A4",2019,2,24.013,NA
37,"S37_JPLL_RTV_A4",2019,3,24.013,NA
37,"S37_JPLL_RTV_A4",2020,1,24.013,NA
37,"S37_JPLL_RTV_A4",2020,4,24.013,NA
37,"S37_JPLL_RTV_A4",2021,1,24.013,NA
37,"S37_JPLL_RTV_A4",2021,2,24.013,NA
37,"S37_JPLL_RTV_A4",2021,4,24.013,NA
